<!--
邮件附近配置表
ID：本表ID 从100001到1000001
Type: 0表示AttachID为ItemID; 1表示属性ID, 比如金钱等
AttachID: 对应领取的附件ID, 可能是ItemID, 可能是属性ID
Number: 对应领取该物品的个数
ExpiredTime: 奖励该物品的有效过期时间(叠加)精确到秒
注意:
1. 如果Type=0且ExpiredTime=0, 表示该物品无限期;
2. 如果GM配置附件个数, 以GM为准;
-->
<?xml version="1.0" encoding="UTF-8" standalone="yes" ?>
<Attachments>
  <Attachment ID="100001" Type="0" AttachID="40000001" Number="1"  ExpiredTime="120" />
  <Attachment ID="100002" Type="0" AttachID="40000001" Number="1"  ExpiredTime="520" />
  <Attachment ID="100003" Type="0" AttachID="40000002" Number="99" ExpiredTime="0" />
  <Attachment ID="100004" Type="0" AttachID="40000004" Number="100" ExpiredTime="0" />
  <Attachment ID="100005" Type="0" AttachID="40000015" Number="100" ExpiredTime="0" />
  <Attachment ID="100006" Type="0" AttachID="40000016" Number="99" ExpiredTime="0" />
  <Attachment ID="100007" Type="1" AttachID="300001" Number="1000" ExpiredTime="0" />
  <Attachment ID="100008" Type="1" AttachID="300002" Number="1000" ExpiredTime="0" />
  <Attachment ID="100009" Type="1" AttachID="300003" Number="1000" ExpiredTime="0" />
  <Attachment ID="100010" Type="1" AttachID="300005" Number="1000" ExpiredTime="0" />
</Attachments>

