<?xml version="1.0" encoding="UTF-8" standalone="yes"?>
<!-- edited with XMLSpy v2013 (http://www.altova.com) by  () -->
<!--
Avatar表
ID:客户端用id，可不填由工具自动生成
Type:类型
Model:模型
Texture:贴图(Texture="material id:texture file path;")，material id 通常等于0
Icon:图标路径,没有该字段看程序心情决定是否自动生成
Tip:描述
Sex:性别（Male,Famale,没有该字段表示通用）
Default:是否是默认avatar，false或者没有该字段都表示非默认
MaskTexture:调整颜色掩码贴图路径
ItemID:服务器端用id,可不填由工具自动生成
MaskUseIDs:可以使用的mask 模型id
MaskUnuseIDs:不可以使用的mask 模型id
HeadOnOffset:昵称显示高度
FrameInterval 播放动画快慢（毫秒）
MaxInterval，MinInterval 播放动画间隔随机区间（毫秒）
-->
<Avatars>
	<Component ID="0" Name="默认女头" Type="Head" Model="gameassets/models/characters/Avatar_girl_head_RAF(Avatar_girl_animation).fbx" Icon="" Sex="Female" Default="true" MaskTexture="gameassets/models/characters/Avatar_girl_hair_Alpha_01.png" HeadOnOffset="2" _KEY="ID"/>
	<Component ID="1" Name="默认女身" Type="Body" Model="gameassets/models/characters/Avatar_girl_body_RAF(Avatar_girl_animation).fbx" Icon="" Sex="Female" Default="true" Texture="0:gameassets/models/characters/Avatar_girl_body_01.png;" MaskTexture="gameassets/models/characters/Avatar_girl_body_Alpha_01.png" _KEY="ID" MaskUseIDs="1"/>
	<Component ID="2" Name="默认女腿" Type="Leg" Model="gameassets/models/characters/Avatar_girl_leg_RAF(Avatar_girl_animation).fbx" Icon="" Sex="Female" Default="true" Texture="0:gameassets/models/characters/Avatar_girl_leg_01.png;" MaskTexture="gameassets/models/characters/Avatar_girl_leg_Alpha_01.png" _KEY="ID">
		<Optional ID="1" Model="gameassets/models/characters/Avatar_girl_waist_RAF(Avatar_girl_animation).fbx" _KEY="ID"/>
	</Component>
	<Component ID="3" Name="默认女手" Type="Hand" Model="gameassets/models/characters/Avatar_girl_hand_RAF(Avatar_girl_animation).fbx" Icon="" Sex="Female" Default="true" Texture="0:gameassets/models/characters/Avatar_girl_hand_01.png;" MaskTexture="gameassets/models/characters/Avatar_boy_body_Alpha_01.png" _KEY="ID"/>
	<Component ID="4" Name="默认女脚" Type="Foot" Model="gameassets/models/characters/Avatar_girl_foot_RAF(Avatar_girl_animation).fbx" Icon="" Sex="Female" Default="true" Texture="0:gameassets/models/characters/Avatar_girl_foot_01.png;" MaskTexture="gameassets/models/characters/Avatar_boy_body_Alpha_01.png" _KEY="ID"/>
	<Component ID="5" Name="默认男头" Type="Head" Model="gameassets/models/characters/Avatar_boy_head_RAF(Avatar_boy_animation).fbx" Icon="" Sex="Male" Default="true" MaskTexture="gameassets/models/characters/Avatar_boy_hair_Alpha_01.png" HeadOnOffset="2" _KEY="ID"/>
	<Component ID="6" Name="默认男身" Type="Body" Model="gameassets/models/characters/Avatar_boy_body_RAF(Avatar_boy_animation).fbx" Icon="" Sex="Male" Default="true" Texture="0:gameassets/models/characters/Avatar_boy_body_01.png;" MaskTexture="gameassets/models/characters/Avatar_boy_body_Alpha_01.png" _KEY="ID" MaskUseIDs="1"/>
	<Component ID="7" Name="默认男腿" Type="Leg" Model="gameassets/models/characters/Avatar_boy_leg_RAF(Avatar_boy_animation).fbx" Icon="" Sex="Male" Default="true" Texture="0:gameassets/models/characters/Avatar_boy_leg_01.png;" MaskTexture="gameassets/models/characters/Avatar_boy_leg_Alpha_01.png" _KEY="ID">
		<Optional ID="1" Model="gameassets/models/characters/Avatar_boy_waist_RAF(Avatar_boy_animation).fbx" _KEY="ID"/>
	</Component>
	<Component ID="8" Name="默认男手" Type="Hand" Model="gameassets/models/characters/Avatar_boy_hand_RAF(Avatar_boy_animation).fbx" Icon="" Sex="Male" Default="true" Texture="0:gameassets/models/characters/Avatar_girl_hand_01.png;" MaskTexture="gameassets/models/characters/Avatar_boy_body_Alpha_01.png" _KEY="ID"/>
	<Component ID="9" Name="默认男脚" Type="Foot" Model="gameassets/models/characters/Avatar_boy_foot_RAF(Avatar_boy_animation).fbx" Icon="" Sex="Male" Default="true" Texture="0:gameassets/models/characters/Avatar_girl_foot_01.png;" MaskTexture="gameassets/models/characters/Avatar_boy_body_Alpha_01.png" _KEY="ID"/>
	<!-- 	<Component ID="10" Name="默认女头" Type="Head" Model="gameassets/models/characters/Avatar_girl_head.fbx" Icon="" Sex="Male" ColorIndices="1,2,3,4,5,6" ItemID="40000001" MaskTexture="gameassets/models/characters/Avatar_girl_hair_Alpha_01.png" HeadOnOffset="2" _KEY="ID"/>
	<Component ID="11" Name="默认女身" Type="Body" Model="gameassets/models/characters/Avatar_girl_body_RAF(Avatar_girl_animation).fbx" Icon="" Sex="Male" ColorIndices="1,2,3,4,5,6" ItemID="40000002" Texture="0:gameassets/models/characters/Avatar_girl_body_01.png;" MaskTexture="gameassets/models/characters/Avatar_girl_body_Alpha_01.png;" MaskUseIDs="1" _KEY="ID"/>
	<Component ID="12" Name="默认女腿" Type="Leg" Model="gameassets/models/characters/Avatar_girl_leg_RAF(Avatar_girl_animation).fbx" Icon="" Sex="Male" ColorIndices="1,2,3,4,5,6" ItemID="40000003" Texture="0:gameassets/models/characters/Avatar_girl_leg_01.png;" MaskTexture="gameassets/models/characters/Avatar_girl_leg_Alpha_01.png" _KEY="ID">
		<Optional ID="1" Model="gameassets/models/characters/Avatar_girl_waist_RAF(Avatar_girl_animation).fbx" _KEY="ID"/> -->
	<!--Request ID="2" Model="gameassets/models/characters/Avatar_girl_waist_RAF(Avatar_girl_animation).fbx" _KEY="ID"/-->
	<!-- </Component>
	<Component ID="13" Name="默认女手" Type="Hand" Model="gameassets/models/characters/Avatar_girl_hand_RAF(Avatar_girl_animation).fbx" Icon="" Sex="Male" ColorIndices="1,2,3,4,5,6" ItemID="40000004" Texture="0:gameassets/models/characters/Avatar_girl_hand_01.png;" MaskTexture="gameassets/models/characters/Avatar_boy_body_Alpha_01.png" _KEY="ID"/>
	<Component ID="14" Name="默认女脚" Type="Foot" Model="gameassets/models/characters/Avatar_girl_foot_RAF(Avatar_girl_animation).fbx" Icon="" Sex="Male" ColorIndices="1,2,3,4,5,6" ItemID="40000005" Texture="0:gameassets/models/characters/Avatar_girl_foot_01.png;" MaskTexture="gameassets/models/characters/Avatar_boy_body_Alpha_01.png" _KEY="ID"/>
	<Component ID="15" Name="默认男头" Type="Head" Model="gameassets/models/characters/Avatar_boy_head.fbx" Icon="" Sex="Female" ColorIndices="1,2,3,4,5,6" ItemID="40000006" MaskTexture="gameassets/models/characters/Avatar_boy_hair_Alpha_01.png" HeadOnOffset="2" _KEY="ID"/>
	<Component ID="16" Name="默认男身" Type="Body" Model="gameassets/models/characters/Avatar_boy_body_RAF(Avatar_boy_animation).fbx" Icon="" Sex="Female" ColorIndices="1,2,3,4,5,6" ItemID="40000007" Texture="0:gameassets/models/characters/Avatar_boy_body_01.png;" MaskTexture="gameassets/models/characters/Avatar_boy_body_Alpha_01.png" _KEY="ID" MaskUseIDs="1"/>
	<Component ID="17" Name="默认男腿" Type="Leg" Model="gameassets/models/characters/Avatar_boy_leg_RAF(Avatar_boy_animation).fbx" Icon="" Sex="Female" ColorIndices="1,2,3,4,5,6" ItemID="40000008" Texture="0:gameassets/models/characters/Avatar_boy_leg_01.png;" MaskTexture="gameassets/models/characters/Avatar_boy_leg_Alpha_01.png" _KEY="ID">
		<Optional ID="1" Model="gameassets/models/characters/Avatar_boy_waist_RAF(Avatar_boy_animation).fbx" _KEY="ID"/>
	</Component>
	<Component ID="18" Name="默认男手" Type="Hand" Model="gameassets/models/characters/Avatar_boy_hand_RAF(Avatar_boy_animation).fbx" Icon="" Sex="Female" ColorIndices="1,2,3,4,5,6" ItemID="40000009" Texture="0:gameassets/models/characters/Avatar_girl_hand_01.png;" MaskTexture="gameassets/models/characters/Avatar_boy_body_Alpha_01.png" _KEY="ID"/>
	<Component ID="19" Name="默认男脚" Type="Foot" Model="gameassets/models/characters/Avatar_boy_foot_RAF(Avatar_boy_animation).fbx" Icon="" Sex="Female" ColorIndices="1,2,3,4,5,6" ItemID="40000010" Texture="0:gameassets/models/characters/Avatar_girl_foot_01.png;" MaskTexture="gameassets/models/characters/Avatar_boy_body_Alpha_01.png" _KEY="ID"/>
	<Component ID="20" Name="徽章" Type="Attachment" Attachment="Boost" Slot="1" Model="gameassets/models/characters/Badge.fbx" Icon="" ItemID="40000011" _KEY="ID"/>
	<Component ID="21" Name="胡子" Type="Attachment" Attachment="Head" Slot="2" Model="gameassets/models/characters/Beard.fbx" Icon="" ItemID="40000012" _KEY="ID"/>
	<Component ID="22" Name="眼镜" Type="Attachment" Attachment="Head" Slot="3" Model="gameassets/models/characters/glasses.fbx" Icon="" ItemID="40000013" _KEY="ID"/>
	<Component ID="23" Name="帽子" Type="Attachment" Attachment="Head" Slot="4" Model="gameassets/models/characters/Hat_Formalhat.fbx" Icon="" ColorIndices="1,2,3,4,5,6" ItemID="40000014" MaskTexture="gameassets/models/characters/Alpha_Hat_FormalhatA.png" HeadOnOffset="2.3" _KEY="ID"/> -->
	<!-- 收费 发型 男 -->
	<Component ID="31" Name="奔放冲天" Type="Head" Model="gameassets/models/characters/Avatar_boy_hair_A_RAF(Avatar_boy_animation).fbx" Icon="gameassets/icons/shop_items/characters/40000015_Untrammelled.png" Sex="Male" ColorIndices="1" ItemID="40000015" MaskTexture="gameassets/models/characters/Avatar_boy_hair_Alpha_01.png" HeadOnOffset="2" _KEY="ID"/>
	<Component ID="32" Name="文艺艺术家" Type="Head" Model="gameassets/models/characters/Avatar_boy_hair_C_RAF(Avatar_boy_animation).fbx" Icon="gameassets/icons/shop_items/characters/40000016_Literary.png" Sex="Male" ColorIndices="1" ItemID="40000016" MaskTexture="gameassets/models/characters/Avatar_boy_hair_Alpha_01.png" HeadOnOffset="2" _KEY="ID"/>
	<Component ID="33" Name="萨斯克" Type="Head" Model="gameassets/models/characters/Avatar_boy_hair_D_RAF(Avatar_boy_animation).fbx" Icon="gameassets/icons/shop_items/characters/40000017_Sasuke.png" Sex="Male" ColorIndices="1" ItemID="40000017" MaskTexture="gameassets/models/characters/Avatar_boy_hair_Alpha_01.png" HeadOnOffset="2" _KEY="ID"/>
	<!-- 收费 发型 女 -->
	<Component ID="34" Name="贤淑波浪" Type="Head" Model="gameassets/models/characters/Avatar_girl_hair_A_RAF(Avatar_girl_animation).fbx" Icon="gameassets/icons/shop_items/characters/40000018_Wavy.png" Sex="Female" ColorIndices="1" ItemID="40000018" MaskTexture="gameassets/models/characters/Avatar_girl_hair_Alpha_01.png" HeadOnOffset="2" _KEY="ID"/>
	<Component ID="35" Name="俏皮双辫" Type="Head" Model="gameassets/models/characters/Avatar_girl_hair_C_RAF(Avatar_girl_animation).fbx" Icon="gameassets/icons/shop_items/characters/40000019_GoodLooking_Pigtails.png" Sex="Female" ColorIndices="1" ItemID="40000019" MaskTexture="gameassets/models/characters/Avatar_girl_hair_Alpha_01.png" HeadOnOffset="2" _KEY="ID"/>
	<Component ID="36" Name="可爱翘短" Type="Head" Model="gameassets/models/characters/Avatar_girl_hair_D_RAF(Avatar_girl_animation).fbx" Icon="gameassets/icons/shop_items/characters/40000020_CuteStickingUp_Short.png" Sex="Female" ColorIndices="1" ItemID="40000020" MaskTexture="gameassets/models/characters/Avatar_girl_hair_Alpha_01.png" HeadOnOffset="2" _KEY="ID"/>
	<!-- 收费 衣服 男 -->
	<Component ID="37" Name="帅气白衬衫" Type="Body" Model="gameassets/models/characters/Avatar_boy_body_RAF(Avatar_boy_animation).fbx" Icon="gameassets/icons/shop_items/characters/40000021_Handsome_WhiteShirt.png" Sex="Male" ColorIndices="1" ItemID="40000021" Texture="0:gameassets/models/characters/Avatar_boy_body_02.png;" MaskTexture="gameassets/models/characters/Avatar_boy_body_Alpha_02.png" HeadOnOffset="2" MaskUseIDs="1" _KEY="ID"/>
	<Component ID="38" Name="时尚T恤" Type="Body" Model="gameassets/models/characters/Avatar_boy_body_RAF(Avatar_boy_animation).fbx" Icon="gameassets/icons/shop_items/characters/40000022_Fashion_Tshirt.png" Sex="Male" ColorIndices="1" ItemID="40000022" Texture="0:gameassets/models/characters/Avatar_boy_body_03.png;" MaskTexture="gameassets/models/characters/Avatar_boy_body_Alpha_03.png" HeadOnOffset="2" MaskUseIDs="1" _KEY="ID"/>
	<!-- 收费 衣服 女 -->
	<Component ID="39" Name="美丽白衬衫" Type="Body" Model="gameassets/models/characters/Avatar_girl_body_RAF(Avatar_girl_animation).fbx" Icon="gameassets/icons/shop_items/characters/40000023_Beautiful_WhiteShirt.png" Sex="Female" ColorIndices="1" ItemID="40000023" Texture="0:gameassets/models/characters/Avatar_girl_body_02.png;" MaskTexture="gameassets/models/characters/Avatar_girl_body_Alpha_02.png" HeadOnOffset="2" MaskUseIDs="1" _KEY="ID"/>
	<Component ID="40" Name="时尚吊带" Type="Body" Model="gameassets/models/characters/Avatar_girl_body_RAF(Avatar_girl_animation).fbx" Icon="gameassets/icons/shop_items/characters/40000024_Fashion_HalterTop.png" Sex="Female" ColorIndices="1" ItemID="40000024" Texture="0:gameassets/models/characters/Avatar_girl_body_03.png;" MaskTexture="gameassets/models/characters/Avatar_girl_body_Alpha_03.png" HeadOnOffset="2" MaskUseIDs="1" _KEY="ID"/>
	<!-- 收费 裤子 男 -->
	<Component ID="41" Name="帅气西裤" Type="Leg" Model="gameassets/models/characters/Avatar_boy_leg_RAF(Avatar_boy_animation).fbx" Icon="gameassets/icons/shop_items/characters/40000025_Handsome_Western.png" Sex="Male" ColorIndices="1" ItemID="40000025" Texture="0:gameassets/models/characters/Avatar_boy_leg_02.png;" MaskTexture="gameassets/models/characters/Avatar_boy_leg_Alpha_02.png" HeadOnOffset="2" _KEY="ID">
		<Optional ID="1" Model="gameassets/models/characters/Avatar_boy_waist_RAF(Avatar_boy_animation).fbx" _KEY="ID"/>
	</Component>
	<Component ID="42" Name="沉稳卷边裤" Type="Leg" Model="gameassets/models/characters/Avatar_boy_leg_RAF(Avatar_boy_animation).fbx" Icon="gameassets/icons/shop_items/characters/40000026_Staid_Curling.png" Sex="Male" ColorIndices="1" ItemID="40000026" Texture="0:gameassets/models/characters/Avatar_boy_leg_03.png;" MaskTexture="gameassets/models/characters/Avatar_boy_leg_Alpha_03.png" HeadOnOffset="2" _KEY="ID">
		<Optional ID="1" Model="gameassets/models/characters/Avatar_boy_waist_RAF(Avatar_boy_animation).fbx" _KEY="ID"/>
	</Component>
	<!-- 收费 裤子 女 -->
	<Component ID="43" Name="美丽百褶裙" Type="Leg" Model="gameassets/models/characters/Avatar_girl_leg_RAF(Avatar_girl_animation).fbx" Icon="gameassets/icons/shop_items/characters/40000027_Pleated_Skirt.png" Sex="Female" ColorIndices="1" ItemID="40000027" Texture="0:gameassets/models/characters/Avatar_girl_leg_02.png;" MaskTexture="gameassets/models/characters/Avatar_girl_leg_Alpha_02.png" HeadOnOffset="2" _KEY="ID">
		<Optional ID="1" Model="gameassets/models/characters/Avatar_girl_waist_RAF(Avatar_girl_animation).fbx" _KEY="ID"/>
	</Component>
	<Component ID="44" Name="时尚短裙" Type="Leg" Model="gameassets/models/characters/Avatar_girl_leg_RAF(Avatar_girl_animation).fbx" Icon="gameassets/icons/shop_items/characters/40000028_Fashion_ShortSkirt.png" Sex="Female" ColorIndices="1" ItemID="40000028" Texture="0:gameassets/models/characters/Avatar_girl_leg_03.png;" MaskTexture="gameassets/models/characters/Avatar_girl_leg_Alpha_03.png" HeadOnOffset="2" _KEY="ID">
		<Optional ID="1" Model="gameassets/models/characters/Avatar_girl_waist_RAF(Avatar_girl_animation).fbx" _KEY="ID"/>
	</Component>
	<!-- 收费 鞋 男 -->
	<Component ID="45" Name="普通男鞋" Type="Foot" Model="gameassets/models/characters/Avatar_boy_foot_RAF(Avatar_boy_animation).fbx" Icon="gameassets/icons/shop_items/characters/40000029_40000030_Common_Shoe.png" Sex="Male" ColorIndices="1" ItemID="40000029" Texture="0:gameassets/models/characters/Avatar_girl_foot_02.png;" MaskTexture="gameassets/models/characters/Avatar_girl_foot_Alpha_02.png" HeadOnOffset="2" _KEY="ID"/>
	<!-- 收费 鞋 女 -->
	<Component ID="46" Name="普通女鞋" Type="Foot" Model="gameassets/models/characters/Avatar_girl_foot_RAF(Avatar_girl_animation).fbx" Icon="gameassets/icons/shop_items/characters/40000029_40000030_Common_Shoe.png" Sex="Female" ColorIndices="1" ItemID="40000030" Texture="0:gameassets/models/characters/Avatar_girl_foot_02.png;" MaskTexture="gameassets/models/characters/Avatar_girl_foot_Alpha_02.png" HeadOnOffset="2" _KEY="ID"/>
	<Component ID="47" Name="磨砺修道服" Type="Body" Model="gameassets/models/characters/Avatar_boy_body_B_RAF(Avatar_boy_animation).fbx" Icon="gameassets/icons/shop_items/characters/40000031_Practice_Suit.png" Sex="Male" ColorIndices="1,2" ItemID="40000031" Texture="0:gameassets/models/characters/Avatar_boy_body_04.png;" MaskTexture="gameassets/models/characters/Avatar_boy_body_Alpha_04.png" MaskUnuseIDs="1" HeadOnOffset="2" _KEY="ID"/>
	<Component ID="48" Name="蓬蓬石榴裙" Type="Body" Model="gameassets/models/characters/Avatar_girl_body_B_RAF(Avatar_girl_animation).fbx" Icon="gameassets/icons/shop_items/characters/40000032_Bubble_Skirt.png" Sex="Female" ColorIndices="1,2,3" ItemID="40000032" Texture="0:gameassets/models/characters/Avatar_girl_body_04.png;" MaskTexture="gameassets/models/characters/Avatar_girl_body_Alpha_04.png" MaskUnuseIDs="1" HeadOnOffset="2" _KEY="ID"/>
	<Component ID="49" Name="磨砺修道裤" Type="Leg" Model="gameassets/models/characters/Avatar_boy_leg_B_RAF(Avatar_boy_animation).fbx" Icon="gameassets/icons/shop_items/characters/40000033_Practice_Pant.png" Sex="Male" ColorIndices="1,2" ItemID="40000033" Texture="0:gameassets/models/characters/Avatar_boy_leg_04.png;" MaskTexture="gameassets/models/characters/Avatar_boy_leg_Alpha_04.png" HeadOnOffset="2" _KEY="ID">
		<Optional ID="1" Model="gameassets/models/characters/Avatar_boy_waist_B_RAF(Avatar_boy_animation).fbx" _KEY="ID"/>
	</Component>
	<Component ID="50" Name="磨砺修道靴" Type="Foot" Model="gameassets/models/characters/Avatar_boy_foot_A_RAF(Avatar_boy_animation).fbx" Icon="gameassets/icons/shop_items/characters/40000034_Practice_Shoe.png" Sex="Male" ColorIndices="1,2" ItemID="40000034" Texture="0:gameassets/models/characters/Avatar_boyA_foot_01.png;" MaskTexture="gameassets/models/characters/Avatar_boy_foot_Alpha_01.png" HeadOnOffset="2" _KEY="ID"/>

	<Component ID="51" Name="默认男眼" Type="Eye" Icon="" Sex="Male" Texture="1:gameassets/models/characters/eye_boy_01_01.png;" Default="true" HeadOnOffset="2" _KEY="ID"/>
	<Component ID="52" Name="默认女眼" Type="Eye" Icon="" Sex="Female" Texture="1:gameassets/models/characters/eye1.png;" Default="true" HeadOnOffset="2" _KEY="ID"/>
	<Component ID="53" Name="默认男嘴" Type="Mouth" Icon="" Sex="Male" Texture="2:gameassets/models/characters/mouth_boy_01_01.png;" Default="true" HeadOnOffset="2" _KEY="ID"/>
	<Component ID="54" Name="默认女嘴" Type="Mouth" Icon="" Sex="Female" Texture="2:gameassets/models/characters/mouth_girl_01_01.png;" Default="true" HeadOnOffset="2" _KEY="ID"/>

	<Component ID="55" Name="柔情" Type="Eye" Icon="gameassets/icons/shop_items/characters/40000035_tenderness.png" Sex="Male" ItemID="40000035" Texture="1:gameassets/models/characters/eye_boy_02_01.png;" HeadOnOffset="2" _KEY="ID"/>
	<Component ID="56" Name="天真" Type="Eye" Icon="gameassets/icons/shop_items/characters/40000036_naive.png" Sex="Female" ItemID="40000036" Texture="1:gameassets/textures/characters/face/eye_girl_fps7_a002.png;" FrameInterval="200" MaxInterval="5000" MinInterval="3000" HeadOnOffset="2" _KEY="ID"/>


	<Avatar RequestComponentTypes="Head,Body,Leg,Hand,Foot"/>
</Avatars>
