<?xml version="1.0" encoding="utf-8"?>
<!--
女 10001 起
男 30001 起 
-->
<CharacterAssets>
    <Character id="10001" default="true" name="女孩1" isFree="true" gender="female" model="gameassets/models/characters/girlA.fbx" texture="" head_icon="gameassets/icons/heads/girlA.png" head_icon_frame="gameassets/icons/heads/girlA_f.png" head_icon_whole="gameassets/icons/heads/girlA_Whole.png" _KEY="id"/>
    <Character id="10002" name="女孩2" gender="female" isFree="true" model="gameassets/models/characters/girlB.fbx" texture="" head_icon="gameassets/icons/heads/girlB.png" head_icon_frame="gameassets/icons/heads/girlB_f.png" head_icon_whole="gameassets/icons/heads/girlB_Whole.png" _KEY="id"/>
    <Character id="10003" name="女孩3" gender="female" isFree="true" model="gameassets/models/characters/girlC.fbx" texture="" head_icon="gameassets/icons/heads/girlC.png" head_icon_frame="gameassets/icons/heads/girlC_f.png" head_icon_whole="gameassets/icons/heads/girlC_Whole.png" _KEY="id"/>
    <Character id="10004" name="女孩4" gender="female" isFree="true" model="gameassets/models/characters/girlD.fbx" texture="" head_icon="gameassets/icons/heads/girlD.png" head_icon_frame="gameassets/icons/heads/girlD_f.png" head_icon_whole="gameassets/icons/heads/girlD_Whole.png" _KEY="id"/>
    <Character id="10005" name="女孩5" gender="female" isFree="true" model="gameassets/models/characters/girlE.fbx" texture="" head_icon="gameassets/icons/heads/girlE.png" head_icon_frame="gameassets/icons/heads/girlE_f.png" head_icon_whole="gameassets/icons/heads/girlE_Whole.png" _KEY="id"/>
    <Character id="10006" name="女孩6" gender="female" isFree="true" model="gameassets/models/characters/girlF_ref_anim_file_boyA.fbx" texture="" head_icon="gameassets/icons/heads/girlF.png" head_icon_frame="gameassets/icons/heads/girlF_f.png" head_icon_whole="gameassets/icons/heads/girlF_Whole.png" _KEY="id"/>
    <Character id="10007" name="女孩7" gender="female" isFree="true" model="gameassets/models/characters/girlG_ref_anim_file_boyA.fbx" texture="" head_icon="gameassets/icons/heads/girlG.png" head_icon_frame="gameassets/icons/heads/girlG_f.png" head_icon_whole="gameassets/icons/heads/girlG_Whole.png" _KEY="id"/>
    <Character id="10020" name="球服-蓝" gender="female" isFree="true" model="gameassets/models/characters/girlF_Sport_B.fbx" texture="" head_icon="gameassets/icons/heads/girlF_B.png" head_icon_frame="gameassets/icons/heads/girlF_f.png" head_icon_whole="gameassets/icons/heads/girlF_B_Whole.png" _KEY="id"/>
    <Character id="10021" name="球服-红" gender="female" isFree="true" model="gameassets/models/characters/girlF_Sport_R.fbx" texture="" head_icon="gameassets/icons/heads/girlF_R.png" head_icon_frame="gameassets/icons/heads/girlF_f.png" head_icon_whole="gameassets/icons/heads/girlF_R_Whole.png" _KEY="id"/>
    <Character id="10022" name="缪斯" gender="female" isFree="false" model="gameassets/models/characters/girlI.fbx" texture="" head_icon="gameassets/icons/heads/girlI.png" head_icon_frame="gameassets/icons/heads/girlI_f.png" head_icon_whole="gameassets/icons/heads/girlI_Whole.png" _KEY="id"/>
    <Character id="10023" name="布蕾妮" gender="female" isFree="false" model="gameassets/models/characters/girlH.fbx" texture="" head_icon="gameassets/icons/heads/girlH.png" head_icon_frame="gameassets/icons/heads/girlH_f.png" head_icon_whole="gameassets/icons/heads/girlH_Whole.png" _KEY="id"/>
    <Character id="10024" name="黄老板" gender="female" isFree="false" model="gameassets/models/characters/girlD.fbx" texture="gameassets/textures/characters/YC_Actor_Hll.png" head_icon="gameassets/icons/heads/girlD_A.png" head_icon_frame="gameassets/icons/heads/hlb.png" head_icon_whole="gameassets/icons/heads/girlD_Whole.png" _KEY="id"/>
    <Character id="10025" name="僵尸" gender="female" isFree="false" model="gameassets/models/characters/jiangshi.fbx" head_icon="gameassets/icons/heads/nangua.png" head_icon_frame="gameassets/icons/heads/nangua_f.png" head_icon_whole="gameassets/icons/heads/girlJ_Whole.png" _KEY="id"/>
    <Character id="10026" name="小司机" gender="female" isFree="false" model="gameassets/models/characters/girlG_ref_anim_file_boyA.fbx" texture="gameassets/textures/characters/YC_Actor_girlG-XSJ.png" head_icon="gameassets/icons/heads/girlG_A.png" head_icon_frame="gameassets/icons/heads/xsj.png" head_icon_whole="gameassets/icons/heads/girlG_Whole.png" _KEY="id"/>
    <Character id="10027" name="南瓜妹" gender="female" isFree="false" model="gameassets/models/characters/boyH.fbx" texture="gameassets/textures/characters/Nangua_Girl.png" head_icon="gameassets/icons/heads/girlJ.png" head_icon_frame="gameassets/icons/heads/girlJ_f.png" head_icon_whole="gameassets/icons/heads/girlJ_Whole.png" _KEY="id"/>
    <Character id="10028" name="玛丽" gender="female" isFree="false" model="gameassets/models/characters/girlC.fbx" texture="gameassets/textures/characters/YC_Actor_girlC1.png" head_icon="gameassets/icons/heads/girlC_A.png" head_icon_frame="gameassets/icons/heads/girlC_A_f.png" head_icon_whole="gameassets/icons/heads/Shengdannv.png" _KEY="id"/>
    <Character id="10029" name="劳拉" gender="female" isFree="false" model="gameassets/models/characters/girlB.fbx" texture="gameassets/textures/characters/YC_Actor_girlB1.png" head_icon="gameassets/icons/heads/girlB_A.png" head_icon_frame="gameassets/icons/heads/girlB_A_f.png" head_icon_whole="gameassets/icons/heads/Xiaonvhai.png" _KEY="id"/>
    <Character id="10030" name="雪人1" gender="female" isFree="false" model="gameassets/models/entities/xueren.fbx" texture="" head_icon="gameassets/icons/heads/girlB_A.png" head_icon_frame="gameassets/icons/heads/girlB_A_f.png" _KEY="id"/>
    <Character id="10031" name="雪人2" gender="female" isFree="false" model="gameassets/models/entities/xueren.fbx" texture="gameassets/textures/characters/Xueren.png" head_icon="gameassets/icons/heads/girlB_A.png" head_icon_frame="gameassets/icons/heads/girlB_A_f.png" _KEY="id"/>
    <Character id="10032" name="雪人3" gender="female" isFree="false" model="gameassets/models/entities/xueren.fbx" texture="gameassets/textures/characters/Xueren1.png" head_icon="gameassets/icons/heads/girlB_A.png" head_icon_frame="gameassets/icons/heads/girlB_A_f.png" _KEY="id"/>
    <Character id="10033" name="雪人4" gender="female" isFree="false" model="gameassets/models/entities/xueren.fbx" texture="gameassets/textures/characters/Xueren2.png" head_icon="gameassets/icons/heads/girlB_A.png" head_icon_frame="gameassets/icons/heads/girlB_A_f.png" _KEY="id"/>
    <Character id="10034" name="女孩8" gender="female" isFree="false" model="gameassets/models/characters/girlC.fbx" texture="gameassets/textures/characters/YC_Actor_girlC-snow_white.png" head_icon="gameassets/icons/heads/Mobile_girlC_A.png" head_icon_frame="gameassets/icons/heads/girlC_f.png" head_icon_whole="gameassets/icons/heads/girl_03_A.png" _KEY="id"/>
    <Character id="10035" name="么么公主" gender="female" isFree="true" model="gameassets/models/characters/Memegongzhu.fbx" head_icon="gameassets/icons/heads/Mobile_girlC_A.png" head_icon_frame="gameassets/icons/heads/girlC_f.png" head_icon_whole="gameassets/icons/heads/girl_03_A.png" _KEY="id"/>

<!--     <Character id="10006" name="小黄人" gender="female" model="character/CC/01char/char_male.x" texture="Seer/skin/SmallYellowMan.png" head_icon="gameassets/icons/heads/Actor_girl.png" head_icon_whole="gameassets/icons/heads/Bojue.png" _KEY="id"/> -->
<!--     <Character id="10006" name="girl" gender="female" model="character/CC/01char/char_male.x" texture="Seer/skin/Actor_girl.png" head_icon="gameassets/icons/heads/Actor_girl.png" head_icon_whole="gameassets/icons/heads/Bojue.png" _KEY="id"/>
 -->
    <!-- <Character id="10016" name="狗剩" gender="female" model="character/CC/01char/char_male.x" texture="Seer/skin/Actor_girl.png" head_icon="gameassets/icons/heads/kaxiusi.png" head_icon_whole="gameassets/icons/heads/Bojue.png" _KEY="id"/> -->
<!--     <Character id="10003" name="狗剩的小弟" gender="male" model="character/CC/03animals/dog/dog.x" texture="" head_icon="gameassets/icons/heads/gaiya.png" head_icon_whole="gameassets/icons/heads/Bojue.png" _KEY="id"/>
    <Character id="10004" name="国产悍马" gender="male" model="character/CC/06vehicle/minecart/minecart.x" texture="" head_icon="gameassets/icons/heads/Actor_boy.png" head_icon_whole="gameassets/icons/heads/Bojue.png" _KEY="id"/>
    <Character id="10005" name="大舅没长大" gender="female" model="character/CC/03animals/pigeon/pigeon.x" texture="" head_icon="gameassets/icons/heads/Actor_boy.png" head_icon_whole="gameassets/icons/heads/Bojue.png" _KEY="id"/>
    <Character id="10006" name="大粽子" gender="male" model="character/CC/04mobs/zombie/zombie.x" texture="" head_icon="gameassets/icons/heads/Actor_boy.png" head_icon_whole="gameassets/icons/heads/Bojue.png" _KEY="id"/>
    <Character id="10007" name="干粽子" gender="male" model="character/CC/04mobs/skeleton/skeleton.x" texture="" head_icon="gameassets/icons/heads/Actor_boy.png" head_icon_whole="gameassets/icons/heads/Bojue.png" _KEY="id"/>
    <Character id="10008" name="社会主义好" gender="female" model="character/CC/03animals/sheep/sheep.x" texture="" head_icon="gameassets/icons/heads/Actor_boy.png" head_icon_whole="gameassets/icons/heads/Bojue.png" _KEY="id"/> -->
    <Character id="10009" default="true" name="男孩1" gender="male" isFree="true" model="gameassets/models/characters/boyA.fbx" texture="" head_icon="gameassets/icons/heads/boyA.png" head_icon_frame="gameassets/icons/heads/boyA_f.png" head_icon_whole="gameassets/icons/heads/boyA_Whole.png" _KEY="id"/>
    <Character id="10010" name="男孩2" gender="male" isFree="true" model="gameassets/models/characters/boyB.fbx" texture="" head_icon="gameassets/icons/heads/boyB.png" head_icon_frame="gameassets/icons/heads/boyB_f.png" head_icon_whole="gameassets/icons/heads/boyB_Whole.png" _KEY="id"/>
    <Character id="10011" name="男孩3" gender="male" isFree="true" model="gameassets/models/characters/boyC.fbx" texture="" head_icon="gameassets/icons/heads/boyC.png" head_icon_frame="gameassets/icons/heads/boyC_f.png" head_icon_whole="gameassets/icons/heads/boyC_Whole.png" _KEY="id"/>
    <Character id="10012" name="男孩4" gender="male" isFree="true" model="gameassets/models/characters/boyD.fbx" texture="" head_icon="gameassets/icons/heads/boyD.png" head_icon_frame="gameassets/icons/heads/boyD_f.png" head_icon_whole="gameassets/icons/heads/boyD_Whole.png" _KEY="id"/>
    <Character id="10013" name="男孩5" gender="male" isFree="true" model="gameassets/models/characters/boyE.fbx" texture="" head_icon="gameassets/icons/heads/boyE.png" head_icon_frame="gameassets/icons/heads/boyE_f.png" head_icon_whole="gameassets/icons/heads/boyE_Whole.png" _KEY="id"/>
    <Character id="10014" name="男孩6" gender="male" isFree="true" model="gameassets/models/characters/boyF.fbx" texture="" head_icon="gameassets/icons/heads/boyF.png" head_icon_frame="gameassets/icons/heads/boyF_f.png" head_icon_whole="gameassets/icons/heads/boyF_Whole.png" _KEY="id"/>
    <Character id="10015" name="男孩7" gender="male" isFree="true" model="gameassets/models/characters/boyH.fbx" texture=""  head_icon="gameassets/icons/heads/boyH.png" head_icon_frame="gameassets/icons/heads/boyH_f.png" head_icon_whole="gameassets/icons/heads/boyH_Whole.png" _KEY="id"/>
    <Character id="10016" name="男孩8" gender="male" isFree="true" model="gameassets/models/characters/boyI.fbx" texture="" head_icon="gameassets/icons/heads/boyI.png" head_icon_frame="gameassets/icons/heads/boyI_f.png" head_icon_whole="gameassets/icons/heads/boyI_Whole.png" _KEY="id"/>
    <Character id="10017" name="男孩9" gender="male" isFree="true" model="gameassets/models/characters/boyJ.fbx" texture="" head_icon="gameassets/icons/heads/boyJ.png" head_icon_frame="gameassets/icons/heads/boyJ_f.png" head_icon_whole="gameassets/icons/heads/boyJ_Whole.png" _KEY="id"/>
    <Character id="10018" name="球服-蓝" gender="male" isFree="true" model="gameassets/models/characters/boyC_Sport_B.fbx" texture="" head_icon="gameassets/icons/heads/boyC_B.png" head_icon_frame="gameassets/icons/heads/boyC_f.png" head_icon_whole="gameassets/icons/heads/boyC_B_Whole.png" _KEY="id"/>
    <Character id="10019" name="球服-红" gender="male" isFree="true" model="gameassets/models/characters/boyC_Sport_R.fbx" texture="" head_icon="gameassets/icons/heads/boyC_R.png" head_icon_frame="gameassets/icons/heads/boyC_f.png" head_icon_whole="gameassets/icons/heads/boyC_R_Whole.png" _KEY="id"/>
    <Character id="30001" name="匹诺飞" gender="male" isFree="false" model="gameassets/models/characters/boyK.fbx" texture="" head_icon="gameassets/icons/heads/boyK.png" head_icon_frame="gameassets/icons/heads/boyK_f.png" head_icon_whole="gameassets/icons/heads/boyK_Whole.png" _KEY="id"/>
    <Character id="30002" name="南瓜哥" gender="male" isFree="false" model="gameassets/models/characters/boyH.fbx" texture="gameassets/textures/characters/boyH_1.png" head_icon="gameassets/icons/heads/boyL.png" head_icon_frame="gameassets/icons/heads/boyL_f.png" head_icon_whole="gameassets/icons/heads/boyL_Whole.png" _KEY="id"/>
    <Character id="30003" name="伯爵" gender="male" isFree="false" model="gameassets/models/characters/boyE.fbx" texture="gameassets/textures/characters/YC_Actor_boyE1.png" head_icon="gameassets/icons/heads/boyE_A.png" head_icon_frame="gameassets/icons/heads/boyE_A_f.png" head_icon_whole="gameassets/icons/heads/boyE_A.png.png" _KEY="id"/>
    <Character id="30004" name="克里斯马斯" gender="male" isFree="false" model="gameassets/models/characters/boyB1.fbx" texture="" head_icon="gameassets/icons/heads/boyB_A.png" head_icon_frame="gameassets/icons/heads/boyB_A_f.png" head_icon_whole="gameassets/icons/heads/boyB_A.png" _KEY="id"/>
    <Character id="300005" name="恭喜发财" gender="male" isFree="false" model="gameassets/models/characters/boyD.fbx" texture="gameassets/textures/characters/YC_Actor_boyD-gongxifacai.png" head_icon="gameassets/icons/heads/Mobile_boyD_A.png" head_icon_frame="gameassets/icons/heads/boyD_f.png" head_icon_whole="gameassets/icons/heads/Boy_04_A.png" _KEY="id"/>
    <Character id="300006" name="工人" gender="male" isFree="false" model="gameassets/models/characters/boyF_A.fbx" texture="" head_icon="gameassets/icons/heads/boyF.png" head_icon_frame="gameassets/icons/heads/boyF_f.png" _KEY="id"/>
    <Character id="300007" name="LXZ" gender="male" isFree="false" model="gameassets/models/characters/boyA.fbx" texture="gameassets/textures/characters/boyA_LXZ.png" head_icon="gameassets/icons/heads/boyA.png" head_icon_frame="gameassets/icons/heads/boyA_f.png" _KEY="id"/>
</CharacterAssets>
