<!--
家具表
例子: 家具, 大礼包, 关注的焦点:无用的信息是否可不写
ID:家具ID
Type:家具类型
Name：物品名
Animation:玩家和家具互动中家具的动画
PlayerAnimation:玩家和家具互动中玩家的动画
PlayerFacing:玩家和家具互动中玩家的朝向
InteractiveCount:同时允许交互的玩家数
ThemeID:家具主题ID
Model:家具模型
Texture:家具贴图(Texture="material id:texture file path;")
ColorTheme:家具的色系
IsLight:是否可以作为光源照亮周围
ClickSound:点击家具播放的声音
SizeTheme:家具的尺寸(看老司机文档)
Volume:体积
Rare:稀有度
Tip:说明
icon:UI上显示的图标
IsDealed:是否可以交易5
ServerID:服务器Item表ID,参考Script/Seer/Config/Item.xml
MaxOwn:最大拥有数
-->
<Furnitures>
 <Furniture ID="8001" Name="原木单人床" Type="1" PlayerAnimation="100,75"  PlayerFacing="-1.57,0" ThemeID="1" Model="gameassets/furnitures/chuang_danren_A.fbx" Texture="0:gameassets/furnitures/texture/chuang_A.png;" ColorTheme="1" ClickSound="wood" SizeTheme="大" Volume="3,2,3" Rare="1" Icon="gameassets/furnitures/icon/8001.png" ServerID="20000001" MaxOwn="99" InteractiveCount="1" Tip="在单身人群中非常流行的木床，可以躺在上面随意翻滚，即使两个人也能挤得下哟！"/>
 <Furniture ID="8002" Name="原木双人床" Type="1" PlayerAnimation="100,75"  PlayerFacing="-1.57,0" ThemeID="1" Model="gameassets/furnitures/chuang_shuangren_A.fbx" Texture="0:gameassets/furnitures/texture/chuang_A.png;" ColorTheme="1" ClickSound="wood" SizeTheme="大" Volume="3,2,3" Rare="1" Icon="gameassets/furnitures/icon/8002.png" ServerID="20000002" MaxOwn="99" InteractiveCount="2" Tip="相比原木单人床更宽了一些，足够两个人躺下，真是一件让人心跳加速的家具"/>
 <Furniture ID="8003" Name="原木椅子" Type="3" PlayerAnimation="72"  PlayerFacing="0" ThemeID="1" Model="gameassets/furnitures/yizi_A.fbx" Texture="0:gameassets/furnitures/texture/yizi_A.png;" ColorTheme="1" ClickSound="wood" SizeTheme="小" Volume="1,2,1" Rare="1" Icon="gameassets/furnitures/icon/8003.png" ServerID="20000003" MaxOwn="99" InteractiveCount="1" Tip="活跃于学校课堂中的一种椅子，但是别经常翘，坐久了容易发出嘎吱嘎吱的声音"/>
 <Furniture ID="8004" Name="原木长椅" Type="3" PlayerAnimation="72,72,72,72,100"  PlayerFacing="0,0,0,0,0" ThemeID="1" Model="gameassets/furnitures/changdeng_A.fbx" Texture="0:gameassets/furnitures/texture/yizi_A.png;" ColorTheme="1" ClickSound="wood" SizeTheme="中" Volume="1,2,3" Rare="1" Icon="gameassets/furnitures/icon/8004.png" ServerID="20000004" MaxOwn="99" InteractiveCount="2" Tip="经常出现在公园和教堂中，为了能够并排坐下更多人而设计的椅子，虽然外表有些朴素，但却非常耐用"/>
 <Furniture ID="8005" Name="原木单人沙发" Type="3" PlayerAnimation="72"  PlayerFacing="0" ThemeID="1" Model="gameassets/furnitures/shafa_danren_A.fbx" Texture="0:gameassets/furnitures/texture/shafa_A.png;" ColorTheme="1" ClickSound="grass" SizeTheme="小" Volume="1,2,1" Rare="1" Icon="gameassets/furnitures/icon/8005.png" ServerID="20000005" MaxOwn="99" InteractiveCount="1" Tip="可以比拟真实沙发弹性和柔软度的瓦楞纸沙发，坐起来同样非常舒服"/>
 <Furniture ID="8006" Name="原木双人沙发" Type="3" PlayerAnimation="72,72,72,72,100"  PlayerFacing="0,0,0,0,0" ThemeID="1" Model="gameassets/furnitures/shafa_shuangren_A.fbx" Texture="0:gameassets/furnitures/texture/shafa_A.png;" ColorTheme="1" ClickSound="grass" SizeTheme="中" Volume="1,2,3" Rare="1" Icon="gameassets/furnitures/icon/8006.png" ServerID="20000006" MaxOwn="99" InteractiveCount="2" Tip="能够同时坐下两人的沙发，虽然横过来也能躺下，但出于文明礼仪，还是老老实实坐着吧"/>
 <Furniture ID="8007" Name="原木方桌" Type="2" PlayerFacing="0" ThemeID="1" Model="gameassets/furnitures/zhuozi_A.fbx" Texture="0:gameassets/furnitures/texture/zhuozi_A.png;" ColorTheme="1" ClickSound="wood" SizeTheme="中" Volume="3,1,3" Rare="1" Icon="gameassets/furnitures/icon/8007.png" ServerID="20000007" MaxOwn="99" Tip="淘木家具厂引以为豪的坚固方桌，即使站上9个人也不会有任何问题。特别适合玩些桌上游戏"/>
 <Furniture ID="8008" Name="原木长桌" Type="2" PlayerFacing="0" ThemeID="1" Model="gameassets/furnitures/xiezizhuo_A.fbx" Texture="0:gameassets/furnitures/texture/zhuozi_A.png;" ColorTheme="1" ClickSound="wood" SizeTheme="小" Volume="1,1,3" Rare="1" Icon="gameassets/furnitures/icon/8008.png" ServerID="20000008" MaxOwn="99" Tip="只能摆放电脑和办公用品的寒酸办公桌，据说某个游戏公司的程序员就是使用同款办公桌"/>
 <Furniture ID="8009" Name="原木梳妆台" Type="4" PlayerAnimation="153"  PlayerFacing="0" ThemeID="1" Model="gameassets/furnitures/shuzhuangtai_A.fbx" Texture="0:gameassets/furnitures/texture/shuzhuangtai_A.png;" ColorTheme="1" ClickSound="wood" SizeTheme="小" Volume="1,2,1" Rare="1" Icon="gameassets/furnitures/icon/8009.png" ServerID="20000009" MaxOwn="99" InteractiveCount="1" Tip="每一个女孩子都需要的家具，在开启【高画质】和【水面反射】的情况下，可以看到背影哦"/>
 <Furniture ID="8010" Name="原木衣柜" Type="4" PlayerFacing="0" ThemeID="1" Model="gameassets/furnitures/yigui_A.fbx" Texture="0:gameassets/furnitures/texture/yigui_A.png;" ColorTheme="1" ClickSound="wood" SizeTheme="中" Volume="1,3,3" Rare="1" Icon="gameassets/furnitures/icon/8010.png" ServerID="20000010" MaxOwn="99" Tip="每个家庭必备的家具，除了用来挂衣服外，也经常被作为躲猫猫的重要道具来使用"/>
 <Furniture ID="8011" Name="原木三斗柜" Type="4" PlayerFacing="0" ThemeID="1" Model="gameassets/furnitures/sandougui_A.fbx" Texture="0:gameassets/furnitures/texture/chuangtougui_A.png;" ColorTheme="1" ClickSound="wood" SizeTheme="小" Volume="1,2,2" Rare="1" Icon="gameassets/furnitures/icon/8011.png" ServerID="20000011" MaxOwn="99" Tip="三个抽屉可以分别用来存放爸爸、妈妈和宝宝的衣服，如果将三个抽屉按阶梯的方式排列，也可以通过它爬向更高处"/>
 <Furniture ID="8012" Name="原木床头柜" Type="4" PlayerFacing="0" ThemeID="1" Model="gameassets/furnitures/chuangtougui_A.fbx" Texture="0:gameassets/furnitures/texture/chuangtougui_A.png;" ColorTheme="1" ClickSound="wood" SizeTheme="小" Volume="1,1,1" Rare="1" Icon="gameassets/furnitures/icon/8012.png" ServerID="20000012" MaxOwn="99" Tip="床边必备的家具，可以在上面摆放台灯或是花瓶等装饰品"/>
 <Furniture ID="8013" Name="木门" Type="22" PlayerFacing="0" ThemeID="1" Model="gameassets/furnitures/men_A_C.fbx" Animation="gameassets/furnitures/men_A_O.fbx" Texture="0:gameassets/furnitures/texture/men_A.png;" ColorTheme="1" ClickSound="wood" SizeTheme="中" Volume="1,3,2" Rare="1" Icon="gameassets/furnitures/icon/8013.png" ServerID="20000013" MaxOwn="99" Tip="朴素而结实的木门，唯一的缺点是无法上锁"/>
 <Furniture ID="8014" Name="木窗" Type="20" PlayerFacing="0" ThemeID="1" Model="gameassets/furnitures/chuanghu_B.fbx" Texture="0:gameassets/furnitures/texture/chuanghu.png;" ColorTheme="1" ClickSound="wood" SizeTheme="小" Volume="1,1,1" Rare="1" Icon="gameassets/furnitures/icon/8014.png" ServerID="20000014" MaxOwn="99" Tip="经典的格子小窗，能够适应各种场所的摆设需求"/>
 <Furniture ID="8015" Name="四连排木窗" Type="20" PlayerFacing="0" ThemeID="1" Model="gameassets/furnitures/chuanghu_A.fbx" Texture="0:gameassets/furnitures/texture/chuanghu.png;" ColorTheme="1" ClickSound="wood" SizeTheme="小" Volume="1,1,4" Rare="1" Icon="gameassets/furnitures/icon/8015.png" ServerID="20000015" MaxOwn="99" Tip="为了便于购买和安装而推出的连排格子小窗，因为工艺的关系，四扇仅收一半的价钱！"/>
 <Furniture ID="8016" Name="对开木窗" Type="20" PlayerFacing="0" ThemeID="1" Model="gameassets/furnitures/chuanghu_E_C.fbx" Animation="gameassets/furnitures/chuanghu_E_O.fbx" Texture="0:gameassets/furnitures/texture/chuanghu.png;" ColorTheme="1" ClickSound="wood" SizeTheme="大" Volume="2,2,3" Rare="1" Icon="gameassets/furnitures/icon/8016.png" ServerID="20000016" MaxOwn="99" Tip="最为传统的对开式窗户，尺寸够大，能够获得很好的采光效果"/>
 <Furniture ID="8017" Name="对开木飘窗" Type="20" PlayerFacing="0" ThemeID="1" Model="gameassets/furnitures/chuanghu_F_C.fbx" Animation="gameassets/furnitures/chuanghu_F_O.fbx" Texture="0:gameassets/furnitures/texture/chuanghu.png;" ColorTheme="1" ClickSound="wood" SizeTheme="大" Volume="2,2,4" Rare="1" Icon="gameassets/furnitures/icon/8017.png" ServerID="20000017" MaxOwn="99" Tip="增加了窗外伸出的搁板，开启方式也从左右对开升级成更便利的向上抬升"/>
 <Furniture ID="8018" Name="斜纹对开木窗" Type="20" PlayerFacing="0" ThemeID="1" Model="gameassets/furnitures/chuanghu_C_C.fbx" Animation="gameassets/furnitures/chuanghu_C_O.fbx" Texture="0:gameassets/furnitures/texture/chuanghu.png;" ColorTheme="1" ClickSound="wood" SizeTheme="小" Volume="1,2,2" Rare="1" Icon="gameassets/furnitures/icon/8018.png" ServerID="20000018" MaxOwn="99" Tip="充满地中海风情的木窗，当阳光透过窗格时能够留下出人意料的美景"/>
 <Furniture ID="8019" Name="斜纹对开飘窗" Type="20" PlayerFacing="0" ThemeID="1" Model="gameassets/furnitures/chuanghu_D_C.fbx" Animation="gameassets/furnitures/chuanghu_D_O.fbx" Texture="0:gameassets/furnitures/texture/chuanghu.png;" ColorTheme="1" ClickSound="wood" SizeTheme="大" Volume="2,3,2" Rare="1" Icon="gameassets/furnitures/icon/8019.png" ServerID="20000019" MaxOwn="99" Tip="能够将花盆和装饰放在窗外搁板上的设计，不过推开窗户时需要小心别让花盆砸到别人的脑袋"/>
 <Furniture ID="8020" Name="落地木飘窗" Type="20" PlayerFacing="0" ThemeID="1" Model="gameassets/furnitures/chuanghu_G.fbx" Texture="0:gameassets/furnitures/texture/chuanghu.png;" ColorTheme="1" ClickSound="wood" SizeTheme="中" Volume="2,3,1" Rare="1" Icon="gameassets/furnitures/icon/8020.png" ServerID="20000020" MaxOwn="99" Tip="豪华别墅中常见的窗户种类，需要建筑拥有足够的高度才能体现出它的价值"/>
 <Furniture ID="8021" Name="大落地木飘窗" Type="20" PlayerFacing="0" ThemeID="1" Model="gameassets/furnitures/chuanghu_H.fbx" Texture="0:gameassets/furnitures/texture/chuanghu.png;" ColorTheme="1" ClickSound="wood" SizeTheme="中" Volume="2,4,1" Rare="1" Icon="gameassets/furnitures/icon/8021.png" ServerID="20000021" MaxOwn="99" Tip="比普通落地飘窗更加高大，开启窗户也会有些费力，有时也能代替断头台发挥意想不到的效果"/>
 <Furniture ID="8022" Name="欧式木窗" Type="20" PlayerFacing="0" ThemeID="2" Model="gameassets/furnitures/chuanghu_I_C.fbx" Animation="gameassets/furnitures/chuanghu_I_O.fbx" Texture="0:gameassets/furnitures/texture/chuanghu.png;" ColorTheme="1" ClickSound="wood" SizeTheme="大" Volume="2,3,2" Rare="1" Icon="gameassets/furnitures/icon/8022.png" ServerID="20000022" MaxOwn="99" Tip="装饰城堡常见的窗户款式，开启会是一件比较麻烦的事情"/>
 <Furniture ID="8023" Name="欧式铁窗" Type="20" PlayerFacing="0" ThemeID="2" Model="gameassets/furnitures/chuanghu_J_C.fbx" Animation="gameassets/furnitures/chuanghu_J_O.fbx" Texture="0:gameassets/furnitures/texture/chuanghu.png;" ColorTheme="1" ClickSound="cloth" SizeTheme="大" Volume="2,3,3" Rare="1" Icon="gameassets/furnitures/icon/8023.png" ServerID="20000023" MaxOwn="99" Tip="主张坚固的城堡用铁窗，和目前市面上常见的防盗窗比较类似"/>
 <Furniture ID="8024" Name="壁灯" Type="9" PlayerFacing="0" ThemeID="1" Model="gameassets/furnitures/deng_bideng_A.fbx" Texture="0:gameassets/furnitures/texture/deng_taideng_A.png;" ColorTheme="1" IsLight="true" ClickSound="cloth" SizeTheme="小" Volume="1,1,1" Rare="1" Icon="gameassets/furnitures/icon/8024.png" ServerID="20000024" MaxOwn="99" Tip="适合安装在墙上的壁灯，使用电池式的设计，不需接导线也能使用"/>
 <Furniture ID="8025" Name="壁灯(暗）" Type="9" PlayerFacing="0" ThemeID="1" Model="gameassets/furnitures/deng_bideng_A.fbx" Texture="0:gameassets/furnitures/texture/deng_taideng_A.png;" ColorTheme="1" ClickSound="cloth" SizeTheme="小" Volume="1,1,1" Rare="1" Icon="gameassets/furnitures/icon/8025.png" ServerID="20000025" MaxOwn="99" Tip="适合安装在墙上的壁灯，使用电池式的设计，不需接导线也能使用"/>
 <Furniture ID="8026" Name="台灯" Type="9" PlayerFacing="0" ThemeID="1" Model="gameassets/furnitures/deng_taideng_A.fbx" Texture="0:gameassets/furnitures/texture/deng_taideng_A.png;" ColorTheme="1" IsLight="true" ClickSound="cloth" SizeTheme="小" Volume="1,1,1" Rare="1" Icon="gameassets/furnitures/icon/8026.png" ServerID="20000026" MaxOwn="99" Tip="适合摆放在桌上的台灯，使用电池式的设计，不需接导线也能使用"/>
 <Furniture ID="8027" Name="台灯(暗）" Type="9" PlayerFacing="0" ThemeID="1" Model="gameassets/furnitures/deng_taideng_A.fbx" Texture="0:gameassets/furnitures/texture/deng_taideng_A.png;" ColorTheme="1" ClickSound="cloth" SizeTheme="小" Volume="1,1,1" Rare="1" Icon="gameassets/furnitures/icon/8027.png" ServerID="20000027" MaxOwn="99" Tip="适合摆放在桌上的台灯，使用电池式的设计，不需接导线也能使用"/>
 <Furniture ID="8028" Name="铁艺壁灯" Type="9" PlayerFacing="0" ThemeID="2" Model="gameassets/furnitures/deng2_bideng_A.fbx" Texture="0:gameassets/furnitures/texture/deng_taideng_B.png;" ColorTheme="1" IsLight="true" ClickSound="cloth" SizeTheme="小" Volume="1,1,1" Rare="1" Icon="gameassets/furnitures/icon/8028.png" ServerID="20000028" MaxOwn="99" Tip="适用于户外的壁灯，使用电池式的设计，不需接导线也能使用"/>
 <Furniture ID="8029" Name="铁艺壁灯（暗）" Type="9" PlayerFacing="0" ThemeID="2" Model="gameassets/furnitures/deng2_bideng_A.fbx" Texture="0:gameassets/furnitures/texture/deng_taideng_B.png;" ColorTheme="1" ClickSound="cloth" SizeTheme="小" Volume="1,1,1" Rare="1" Icon="gameassets/furnitures/icon/8029.png" ServerID="20000029" MaxOwn="99" Tip="适用于户外的壁灯，使用电池式的设计，不需接导线也能使用"/>
 <Furniture ID="8030" Name="铁艺路灯" Type="9" PlayerFacing="0" ThemeID="2" Model="gameassets/furnitures/deng2_ludeng_A.fbx" Texture="0:gameassets/furnitures/texture/deng_taideng_B.png;" ColorTheme="1" IsLight="true" ClickSound="cloth" SizeTheme="大" Volume="1,5,3" Rare="1" Icon="gameassets/furnitures/icon/8030.png" ServerID="20000030" MaxOwn="99" Tip="安放在户外的路灯，使用电池式的设计，不需接导线也能使用"/>
 <Furniture ID="8031" Name="铁艺路灯（暗）" Type="9" PlayerFacing="0" ThemeID="2" Model="gameassets/furnitures/deng2_ludeng_A.fbx" Texture="0:gameassets/furnitures/texture/deng_taideng_B.png;" ColorTheme="1" ClickSound="cloth" SizeTheme="大" Volume="1,5,3" Rare="1" Icon="gameassets/furnitures/icon/8031.png" ServerID="20000031" MaxOwn="99" Tip="安放在户外的路灯，使用电池式的设计，不需接导线也能使用"/>
 <Furniture ID="8032" Name="电冰箱" Type="17" PlayerFacing="0" ThemeID="0" Model="gameassets/furnitures/dianbingxiang_A.fbx" Texture="0:gameassets/furnitures/texture/dianbingxiang_A.png;" ColorTheme="1" ClickSound="cloth" SizeTheme="小" Volume="1,2,1" Rare="1" Icon="gameassets/furnitures/icon/8032.png" ServerID="20000032" MaxOwn="99" Tip="非常普通的双门冰箱，不过存放食物也没啥问题"/>
 <Furniture ID="8033" Name="台式电脑" Type="17" PlayerFacing="0" ThemeID="0" Model="gameassets/furnitures/diannao_A.fbx" Texture="0:gameassets/furnitures/texture/diannao_A.png;" ColorTheme="1" ClickSound="cloth" SizeTheme="小" Volume="1,1,3" Rare="1" Icon="gameassets/furnitures/icon/8033.png" ServerID="20000033" MaxOwn="99" Tip="非常普通的电脑，没有独立显卡，只能用来学习"/>
 <Furniture ID="8034" Name="南瓜灯" Type="9" PlayerFacing="0" ThemeID="10" Model="gameassets/furnitures/nanguadeng_A.fbx" Texture="0:gameassets/furnitures/texture/nanguadeng_A.png;" ColorTheme="1" IsLight="true" ClickSound="cloth" SizeTheme="小" Volume="1,1,1" Rare="1" Icon="gameassets/furnitures/icon/8034.png" ServerID="20000034" MaxOwn="99" Tip="万圣节时备受好评的南瓜灯，适合用来装饰小屋时使用"/>
 <Furniture ID="8035" Name="三连排木窗" Type="20" PlayerFacing="0" ThemeID="1" Model="gameassets/furnitures/chuanghu_K.fbx" Texture="0:gameassets/furnitures/texture/chuanghu.png;" ColorTheme="1" ClickSound="wood" SizeTheme="小" Volume="1,1,3" Rare="1" Icon="gameassets/furnitures/icon/8035.png" ServerID="20000035" MaxOwn="99" Tip="你看到这个家具，说明你开挂了"/>
 <Furniture ID="8036" Name="豪华单人床" Type="1" PlayerAnimation="100,75"  PlayerFacing="-1.57,0" ThemeID="3" Model="gameassets/furnitures/chuang_danren_A.fbx" Texture="0:gameassets/furnitures/texture/chuang_A_haohua.png;" ColorTheme="2" ClickSound="wood" SizeTheme="大" Volume="3,2,3" Rare="3" Icon="gameassets/furnitures/icon/8036.png" ServerID="20000036" MaxOwn="99" InteractiveCount="1" Tip="高端单身人士的最爱，适合无敌而寂寞的人"/>
 <Furniture ID="8037" Name="豪华双人床" Type="1" PlayerAnimation="100,75"  PlayerFacing="-1.57,0" ThemeID="3" Model="gameassets/furnitures/chuang_shuangren_A.fbx" Texture="0:gameassets/furnitures/texture/chuang_A_haohua.png;" ColorTheme="2" ClickSound="wood" SizeTheme="大" Volume="3,2,3" Rare="3" Icon="gameassets/furnitures/icon/8037.png" ServerID="20000037" MaxOwn="99" InteractiveCount="2" Tip="据说买了这个床，可以大幅提高有朋友的机会……"/>
 <Furniture ID="8038" Name="豪华椅子" Type="3" PlayerAnimation="72"  PlayerFacing="0" ThemeID="3" Model="gameassets/furnitures/yizi_A.fbx" Texture="0:gameassets/furnitures/texture/yizi_A_haohua.png;" ColorTheme="2" ClickSound="wood" SizeTheme="小" Volume="1,2,1" Rare="3" Icon="gameassets/furnitures/icon/8038.png" ServerID="20000038" MaxOwn="99" InteractiveCount="1" Tip="活跃于高级餐厅中的一种椅子，由于设计的原因，坐久了容易发出嘎吱嘎吱的声音"/>
 <Furniture ID="8039" Name="豪华长椅" Type="3" PlayerAnimation="72,72,72,72,100"  PlayerFacing="0,0,0,0,0" ThemeID="3" Model="gameassets/furnitures/changdeng_A.fbx" Texture="0:gameassets/furnitures/texture/yizi_A_haohua.png;" ColorTheme="2" ClickSound="wood" SizeTheme="中" Volume="1,2,3" Rare="3" Icon="gameassets/furnitures/icon/8039.png" ServerID="20000039" MaxOwn="99" InteractiveCount="2" Tip="只在高级教堂中常用的椅子，能够并排坐下更多人，美观而且非常耐用"/>
 <Furniture ID="8040" Name="豪华单人沙发" Type="3" PlayerAnimation="72"  PlayerFacing="0" ThemeID="3" Model="gameassets/furnitures/shafa_danren_A.fbx" Texture="0:gameassets/furnitures/texture/shafa_A_haohua.png;" ColorTheme="2" ClickSound="grass" SizeTheme="小" Volume="1,2,1" Rare="3" Icon="gameassets/furnitures/icon/8040.png" ServerID="20000040" MaxOwn="99" InteractiveCount="1" Tip="普通沙发的升级版本，坐起来同样非常舒服"/>
 <Furniture ID="8041" Name="豪华双人沙发" Type="3" PlayerAnimation="72,72,72,72,100"  PlayerFacing="0,0,0,0,0" ThemeID="3" Model="gameassets/furnitures/shafa_shuangren_A.fbx" Texture="0:gameassets/furnitures/texture/shafa_A_haohua.png;" ColorTheme="2" ClickSound="grass" SizeTheme="中" Volume="1,2,3" Rare="3" Icon="gameassets/furnitures/icon/8041.png" ServerID="20000041" MaxOwn="99" InteractiveCount="2" Tip="能够同时坐下两人的高级沙发，躺在上面应该会是一件非常享受的事情"/>
 <Furniture ID="8042" Name="豪华方桌" Type="2" PlayerFacing="0" ThemeID="3" Model="gameassets/furnitures/zhuozi_A.fbx" Texture="0:gameassets/furnitures/texture/zhuozi_A_haohua.png;" ColorTheme="2" ClickSound="wood" SizeTheme="中" Volume="3,1,3" Rare="3" Icon="gameassets/furnitures/icon/8042.png" ServerID="20000042" MaxOwn="99" Tip="在保留了传统方桌坚固度的前提下，使之更加美观"/>
 <Furniture ID="8043" Name="豪华长桌" Type="2" PlayerFacing="0" ThemeID="3" Model="gameassets/furnitures/xiezizhuo_A.fbx" Texture="0:gameassets/furnitures/texture/zhuozi_A_haohua.png;" ColorTheme="2" ClickSound="wood" SizeTheme="小" Volume="1,1,3" Rare="3" Icon="gameassets/furnitures/icon/8043.png" ServerID="20000043" MaxOwn="99" Tip="据说游戏公司的程序员能梦想能够使用这样的办公桌工作"/>
 <Furniture ID="8044" Name="豪华梳妆台" Type="2" PlayerAnimation="153"  PlayerFacing="0" ThemeID="3" Model="gameassets/furnitures/shuzhuangtai_A_haohua.fbx" ColorTheme="2" ClickSound="wood" SizeTheme="小" Volume="1,2,1" Rare="3" Icon="gameassets/furnitures/icon/8044.png" ServerID="20000044" MaxOwn="99" InteractiveCount="1" Tip="富家千金的梳妆台，在开启【高画质】和【水面反射】的情况下，可以看到背影哦"/>
 <Furniture ID="8045" Name="豪华衣柜" Type="4" PlayerFacing="0" ThemeID="3" Model="gameassets/furnitures/yigui_A.fbx" Texture="0:gameassets/furnitures/texture/yigui_A_haohua.png;" ColorTheme="2" ClickSound="wood" SizeTheme="中" Volume="1,3,3" Rare="3" Icon="gameassets/furnitures/icon/8045.png" ServerID="20000045" MaxOwn="99" Tip="每个家庭必备的家具，拥有足足藏下两个人的容量"/>
 <Furniture ID="8046" Name="豪华三斗柜" Type="4" PlayerFacing="0" ThemeID="3" Model="gameassets/furnitures/sandougui_A.fbx" Texture="0:gameassets/furnitures/texture/chuangtougui_A_haohua.png;" ColorTheme="2" ClickSound="wood" SizeTheme="小" Volume="1,2,2" Rare="3" Icon="gameassets/furnitures/icon/8046.png" ServerID="20000046" MaxOwn="99" Tip="能够同时放下一家三口衣物的豪华柜子"/>
 <Furniture ID="8047" Name="豪华床头柜" Type="4" PlayerFacing="0" ThemeID="3" Model="gameassets/furnitures/chuangtougui_A.fbx" Texture="0:gameassets/furnitures/texture/chuangtougui_A_haohua.png;" ColorTheme="2" ClickSound="wood" SizeTheme="小" Volume="1,1,1" Rare="3" Icon="gameassets/furnitures/icon/8047.png" ServerID="20000047" MaxOwn="99" Tip="床边必备的家具，可以与豪华床搭配使用"/>
 <Furniture ID="8048" Name="豪华木门" Type="22" PlayerFacing="0" ThemeID="3" Model="gameassets/furnitures/men_B_C.fbx" Animation="gameassets/furnitures/men_B_O.fbx" Texture="0:gameassets/furnitures/texture/men_B.png;" ColorTheme="2" ClickSound="wood" SizeTheme="中" Volume="1,3,2" Rare="3" Icon="gameassets/furnitures/icon/8048.png" ServerID="20000048" MaxOwn="99" Tip="充满高级感的木门，然而仍然无法解决不能上锁的问题……"/>
 <Furniture ID="8049" Name="豪华木窗" Type="20" PlayerFacing="0" ThemeID="3" Model="gameassets/furnitures/chuanghu_B.fbx" Texture="0:gameassets/furnitures/texture/chuanghu_haohua.png;" ColorTheme="2" ClickSound="wood" SizeTheme="小" Volume="1,1,1" Rare="3" Icon="gameassets/furnitures/icon/8049.png" ServerID="20000049" MaxOwn="99" Tip="豪华的格子小窗，能够适应各种场所的摆设需求"/>
 <Furniture ID="8050" Name="豪华连排木窗" Type="20" PlayerFacing="0" ThemeID="3" Model="gameassets/furnitures/chuanghu_A.fbx" Texture="0:gameassets/furnitures/texture/chuanghu_haohua.png;" ColorTheme="2" ClickSound="wood" SizeTheme="小" Volume="1,1,4" Rare="3" Icon="gameassets/furnitures/icon/8050.png" ServerID="20000050" MaxOwn="99" Tip="为了便于购买和安装而推出的连排豪华格子小窗"/>
 <Furniture ID="8051" Name="豪华对开木窗" Type="20" PlayerFacing="0" ThemeID="3" Model="gameassets/furnitures/chuanghu_E_C.fbx" Animation="gameassets/furnitures/chuanghu_E_O.fbx" Texture="0:gameassets/furnitures/texture/chuanghu_haohua.png;" ColorTheme="2" ClickSound="wood" SizeTheme="大" Volume="2,2,3" Rare="3" Icon="gameassets/furnitures/icon/8051.png" ServerID="20000051" MaxOwn="99" Tip="传统款式的对开豪华窗户，尺寸够大，能够获得很好的采光效果"/>
 <Furniture ID="8052" Name="豪华对开飘窗" Type="20" PlayerFacing="0" ThemeID="3" Model="gameassets/furnitures/chuanghu_F_C.fbx" Animation="gameassets/furnitures/chuanghu_F_O.fbx" Texture="0:gameassets/furnitures/texture/chuanghu_haohua.png;" ColorTheme="2" ClickSound="wood" SizeTheme="大" Volume="2,2,4" Rare="3" Icon="gameassets/furnitures/icon/8052.png" ServerID="20000052" MaxOwn="99" Tip="增加了窗外伸出的搁板，可以布置些花草提高美观度"/>
 <Furniture ID="8053" Name="豪华斜纹对开窗" Type="20" PlayerFacing="0" ThemeID="3" Model="gameassets/furnitures/chuanghu_C_C.fbx" Animation="gameassets/furnitures/chuanghu_C_O.fbx" Texture="0:gameassets/furnitures/texture/chuanghu_haohua.png;" ColorTheme="2" ClickSound="wood" SizeTheme="小" Volume="1,2,2" Rare="3" Icon="gameassets/furnitures/icon/8053.png" ServerID="20000053" MaxOwn="99" Tip="充满地中海风情的豪华木窗，当阳光透过窗格时能够留下出人意料的美景"/>
 <Furniture ID="8054" Name="豪华斜纹飘窗" Type="20" PlayerFacing="0" ThemeID="3" Model="gameassets/furnitures/chuanghu_D_C.fbx" Animation="gameassets/furnitures/chuanghu_D_O.fbx" Texture="0:gameassets/furnitures/texture/chuanghu_haohua.png;" ColorTheme="2" ClickSound="wood" SizeTheme="大" Volume="2,3,2" Rare="3" Icon="gameassets/furnitures/icon/8054.png" ServerID="20000054" MaxOwn="99" Tip="能够将花盆和装饰放在窗外搁板上的豪华斜纹窗"/>
 <Furniture ID="8055" Name="豪华落地飘窗" Type="20" PlayerFacing="0" ThemeID="3" Model="gameassets/furnitures/chuanghu_G.fbx" Texture="0:gameassets/furnitures/texture/chuanghu_haohua.png;" ColorTheme="2" ClickSound="wood" SizeTheme="中" Volume="2,3,1" Rare="3" Icon="gameassets/furnitures/icon/8055.png" ServerID="20000055" MaxOwn="99" Tip="豪华别墅中常见的高贵飘窗"/>
 <Furniture ID="8056" Name="豪华大落地飘窗" Type="20" PlayerFacing="0" ThemeID="3" Model="gameassets/furnitures/chuanghu_H.fbx" Texture="0:gameassets/furnitures/texture/chuanghu_haohua.png;" ColorTheme="2" ClickSound="wood" SizeTheme="中" Volume="2,4,1" Rare="3" Icon="gameassets/furnitures/icon/8056.png" ServerID="20000056" MaxOwn="99" Tip="比豪华落地飘窗更加高大，有时也能代替断头台发挥意想不到的效果"/>
 <Furniture ID="8057" Name="豪华欧式木窗" Type="20" PlayerFacing="0" ThemeID="2" Model="gameassets/furnitures/chuanghu_I_C.fbx" Animation="gameassets/furnitures/chuanghu_I_O.fbx" Texture="0:gameassets/furnitures/texture/chuanghu_haohua.png;" ColorTheme="2" ClickSound="wood" SizeTheme="大" Volume="2,3,2" Rare="3" Icon="gameassets/furnitures/icon/8057.png" ServerID="20000057" MaxOwn="99" Tip="装饰城堡常见的豪华窗户款式，开启会是一件比较麻烦的事情"/>
 <Furniture ID="8058" Name="豪华欧式铁窗" Type="20" PlayerFacing="0" ThemeID="2" Model="gameassets/furnitures/chuanghu_J_C.fbx" Animation="gameassets/furnitures/chuanghu_J_O.fbx" Texture="0:gameassets/furnitures/texture/chuanghu_haohua.png;" ColorTheme="2" ClickSound="cloth" SizeTheme="大" Volume="2,3,3" Rare="3" Icon="gameassets/furnitures/icon/8058.png" ServerID="20000058" MaxOwn="99" Tip="主张坚固的城堡用豪华铁窗，和目前市面上常见的防盗窗比较类似"/>
 <Furniture ID="8059" Name="豪华电冰箱" Type="17" PlayerFacing="0" ThemeID="0" Model="gameassets/furnitures/dianbingxiang_A.fbx" Texture="0:gameassets/furnitures/texture/dianbingxiang_A_haohua.png;" ColorTheme="2" ClickSound="cloth" SizeTheme="小" Volume="1,2,1" Rare="3" Icon="gameassets/furnitures/icon/8059.png" ServerID="20000059" MaxOwn="99" Tip="适合安装在墙上的豪华壁灯，使用电池式的设计，不需接导线也能使用"/>
 <Furniture ID="8060" Name="豪华壁灯" Type="9" PlayerFacing="0" ThemeID="3" Model="gameassets/furnitures/deng_bideng_A.fbx" Texture="0:gameassets/furnitures/texture/deng_taideng_A_haohua.png;" ColorTheme="2" IsLight="true" ClickSound="cloth" SizeTheme="小" Volume="1,1,1" Rare="3" Icon="gameassets/furnitures/icon/8060.png" ServerID="20000060" MaxOwn="99" Tip="适合安装在墙上的豪华壁灯，使用电池式的设计，不需接导线也能使用"/>
 <Furniture ID="8061" Name="豪华壁灯(暗）" Type="9" PlayerFacing="0" ThemeID="3" Model="gameassets/furnitures/deng_bideng_A.fbx" Texture="0:gameassets/furnitures/texture/deng_taideng_A_haohua.png;" ColorTheme="2" ClickSound="cloth" SizeTheme="小" Volume="1,1,1" Rare="3" Icon="gameassets/furnitures/icon/8061.png" ServerID="20000061" MaxOwn="99" Tip="适合摆放在桌上的豪华台灯，使用电池式的设计，不需接导线也能使用"/>
 <Furniture ID="8062" Name="豪华台灯" Type="9" PlayerFacing="0" ThemeID="3" Model="gameassets/furnitures/deng_taideng_A.fbx" Texture="0:gameassets/furnitures/texture/deng_taideng_A_haohua.png;" ColorTheme="2" IsLight="true" ClickSound="cloth" SizeTheme="小" Volume="1,1,1" Rare="3" Icon="gameassets/furnitures/icon/8062.png" ServerID="20000062" MaxOwn="99" Tip="适合摆放在桌上的豪华台灯，使用电池式的设计，不需接导线也能使用"/>
 <Furniture ID="8063" Name="豪华台灯(暗）" Type="9" PlayerFacing="0" ThemeID="3" Model="gameassets/furnitures/deng_taideng_A.fbx" Texture="0:gameassets/furnitures/texture/deng_taideng_A_haohua.png;" ColorTheme="2" ClickSound="cloth" SizeTheme="小" Volume="1,1,1" Rare="3" Icon="gameassets/furnitures/icon/8063.png" ServerID="20000063" MaxOwn="99" Tip="适用于户外的壁灯，使用电池式的设计，不需接导线也能使用"/>

 <Furniture ID="8100" Name="纸盒人石像" Type="9" PlayerFacing="0" ThemeID="0" Model="gameassets/furnitures/diaoxiang.fbx" ColorTheme="1" IsLight="true" ClickSound="cloth" SizeTheme="特大" Volume="5,9,5" Rare="5" Icon="gameassets/furnitures/icon/8100.png" IsDealed="true" ServerID="20000100" MaxOwn="99" Tip="TEST"/>


</Furnitures>

<Maps>
 	<Pair Key="Type" Value="1" Tip="床"/>
 	<Pair Key="Type" Value="2" Tip="桌子"/>
 	<Pair Key="Type" Value="3" Tip="椅子"/>
 	<Pair Key="Type" Value="4" Tip="柜子"/>
 	<Pair Key="Type" Value="5" Tip="衣橱"/>
 	<Pair Key="Type" Value="6" Tip="帘子"/>
 	<Pair Key="Type" Value="7" Tip="地毯"/>
 	<Pair Key="Type" Value="8" Tip="挂画"/>
 	<Pair Key="Type" Value="9" Tip="灯"/>
 	<Pair Key="Type" Value="10" Tip="沙发"/>
 	<Pair Key="Type" Value="11" Tip="梳妆台"/>
 	<Pair Key="Type" Value="12" Tip="钟"/>
 	<Pair Key="Type" Value="13" Tip="马桶"/>
 	<Pair Key="Type" Value="14" Tip="浴缸"/>
 	<Pair Key="Type" Value="15" Tip="台盆"/>
 	<Pair Key="Type" Value="16" Tip="镜子"/>
 	<Pair Key="Type" Value="17" Tip="家电"/>
 	<Pair Key="Type" Value="18" Tip="电视"/>
 	<Pair Key="Type" Value="19" Tip="电脑"/>
 	<Pair Key="Type" Value="20" Tip="窗户"/>
 	<Pair Key="Type" Value="21" Tip="玻璃"/>
 	<Pair Key="Type" Value="22" Tip="门"/>

 	<Pair Key="ThemeID" Value="1" Tip="田园"/>
 	<Pair Key="ThemeID" Value="2" Tip="铁艺"/>
 	<Pair Key="ThemeID" Value="3" Tip="豪华"/>

 <Pair Key="ColorTheme" Value="1" Tip="本色"/>
 <Pair Key="ColorTheme" Value="2" Tip="白色"/>

	<Pair Key="Rare" Value="1" Tip="☆"/>
	<Pair Key="Rare" Value="2" Tip="☆☆"/>
	<Pair Key="Rare" Value="3" Tip="☆☆☆"/>
	<Pair Key="Rare" Value="4" Tip="☆☆☆☆"/>
	<Pair Key="Rare" Value="5" Tip="☆☆☆☆☆"/>
</Maps>

<!--BLOCK TYPES 中补充的行
<block name="TestFurniture" id="40005" text="原木单人床" searchkey="原木单人床" item_class="ItemFurniture" icon="Texture/blocks/items/ts_char_on.png" texture="Texture/blocks/wool_colored_white.png" FurnitureID="8001" />
<block name="TestFurniture" id="40006" text="原木双人床" searchkey="原木双人床" item_class="ItemFurniture" icon="Texture/blocks/items/ts_char_on.png" texture="Texture/blocks/wool_colored_white.png" FurnitureID="8002" />
<block name="TestFurniture" id="40007" text="原木椅子" searchkey="原木椅子" item_class="ItemFurniture" icon="Texture/blocks/items/ts_char_on.png" texture="Texture/blocks/wool_colored_white.png" FurnitureID="8003" />
<block name="TestFurniture" id="40008" text="原木长椅" searchkey="原木长椅" item_class="ItemFurniture" icon="Texture/blocks/items/ts_char_on.png" texture="Texture/blocks/wool_colored_white.png" FurnitureID="8004" />
<block name="TestFurniture" id="40009" text="原木单人沙发" searchkey="原木单人沙发" item_class="ItemFurniture" icon="Texture/blocks/items/ts_char_on.png" texture="Texture/blocks/wool_colored_white.png" FurnitureID="8005" />
<block name="TestFurniture" id="40010" text="原木双人沙发" searchkey="原木双人沙发" item_class="ItemFurniture" icon="Texture/blocks/items/ts_char_on.png" texture="Texture/blocks/wool_colored_white.png" FurnitureID="8006" />
<block name="TestFurniture" id="40011" text="原木方桌" searchkey="原木方桌" item_class="ItemFurniture" icon="Texture/blocks/items/ts_char_on.png" texture="Texture/blocks/wool_colored_white.png" FurnitureID="8007" />
<block name="TestFurniture" id="40012" text="原木长桌" searchkey="原木长桌" item_class="ItemFurniture" icon="Texture/blocks/items/ts_char_on.png" texture="Texture/blocks/wool_colored_white.png" FurnitureID="8008" />
<block name="TestFurniture" id="40013" text="原木梳妆台" searchkey="原木梳妆台" item_class="ItemFurniture" icon="Texture/blocks/items/ts_char_on.png" texture="Texture/blocks/wool_colored_white.png" FurnitureID="8009" />
<block name="TestFurniture" id="40014" text="原木衣柜" searchkey="原木衣柜" item_class="ItemFurniture" icon="Texture/blocks/items/ts_char_on.png" texture="Texture/blocks/wool_colored_white.png" FurnitureID="8010" />
<block name="TestFurniture" id="40015" text="原木三斗柜" searchkey="原木三斗柜" item_class="ItemFurniture" icon="Texture/blocks/items/ts_char_on.png" texture="Texture/blocks/wool_colored_white.png" FurnitureID="8011" />
<block name="TestFurniture" id="40016" text="原木床头柜" searchkey="原木床头柜" item_class="ItemFurniture" icon="Texture/blocks/items/ts_char_on.png" texture="Texture/blocks/wool_colored_white.png" FurnitureID="8012" />
<block name="TestFurniture" id="40017" text="木门" searchkey="木门" item_class="ItemFurniture" icon="Texture/blocks/items/ts_char_on.png" texture="Texture/blocks/wool_colored_white.png" FurnitureID="8013" />
<block name="TestFurniture" id="40018" text="木窗" searchkey="木窗" item_class="ItemFurniture" icon="Texture/blocks/items/ts_char_on.png" texture="Texture/blocks/wool_colored_white.png" FurnitureID="8014" />
<block name="TestFurniture" id="40019" text="四连排木窗" searchkey="四连排木窗" item_class="ItemFurniture" icon="Texture/blocks/items/ts_char_on.png" texture="Texture/blocks/wool_colored_white.png" FurnitureID="8015" />
<block name="TestFurniture" id="40020" text="对开木窗" searchkey="对开木窗" item_class="ItemFurniture" icon="Texture/blocks/items/ts_char_on.png" texture="Texture/blocks/wool_colored_white.png" FurnitureID="8016" />
<block name="TestFurniture" id="40021" text="对开木飘窗" searchkey="对开木飘窗" item_class="ItemFurniture" icon="Texture/blocks/items/ts_char_on.png" texture="Texture/blocks/wool_colored_white.png" FurnitureID="8017" />
<block name="TestFurniture" id="40022" text="斜纹对开木窗" searchkey="斜纹对开木窗" item_class="ItemFurniture" icon="Texture/blocks/items/ts_char_on.png" texture="Texture/blocks/wool_colored_white.png" FurnitureID="8018" />
<block name="TestFurniture" id="40023" text="斜纹对开飘窗" searchkey="斜纹对开飘窗" item_class="ItemFurniture" icon="Texture/blocks/items/ts_char_on.png" texture="Texture/blocks/wool_colored_white.png" FurnitureID="8019" />
<block name="TestFurniture" id="40024" text="落地木飘窗" searchkey="落地木飘窗" item_class="ItemFurniture" icon="Texture/blocks/items/ts_char_on.png" texture="Texture/blocks/wool_colored_white.png" FurnitureID="8020" />
<block name="TestFurniture" id="40025" text="大落地木飘窗" searchkey="大落地木飘窗" item_class="ItemFurniture" icon="Texture/blocks/items/ts_char_on.png" texture="Texture/blocks/wool_colored_white.png" FurnitureID="8021" />
<block name="TestFurniture" id="40026" text="欧式木窗" searchkey="欧式木窗" item_class="ItemFurniture" icon="Texture/blocks/items/ts_char_on.png" texture="Texture/blocks/wool_colored_white.png" FurnitureID="8022" />
<block name="TestFurniture" id="40027" text="欧式铁窗" searchkey="欧式铁窗" item_class="ItemFurniture" icon="Texture/blocks/items/ts_char_on.png" texture="Texture/blocks/wool_colored_white.png" FurnitureID="8023" />
<block name="TestFurniture" id="40028" text="壁灯" searchkey="壁灯" item_class="ItemFurniture" icon="Texture/blocks/items/ts_char_on.png" texture="Texture/blocks/wool_colored_white.png" FurnitureID="8024" />
<block name="TestFurniture" id="40029" text="壁灯(暗）" searchkey="壁灯(暗）" item_class="ItemFurniture" icon="Texture/blocks/items/ts_char_on.png" texture="Texture/blocks/wool_colored_white.png" FurnitureID="8025" />
<block name="TestFurniture" id="40030" text="台灯" searchkey="台灯" item_class="ItemFurniture" icon="Texture/blocks/items/ts_char_on.png" texture="Texture/blocks/wool_colored_white.png" FurnitureID="8026" />
<block name="TestFurniture" id="40031" text="台灯(暗）" searchkey="台灯(暗）" item_class="ItemFurniture" icon="Texture/blocks/items/ts_char_on.png" texture="Texture/blocks/wool_colored_white.png" FurnitureID="8027" />
<block name="TestFurniture" id="40032" text="铁艺壁灯" searchkey="铁艺壁灯" item_class="ItemFurniture" icon="Texture/blocks/items/ts_char_on.png" texture="Texture/blocks/wool_colored_white.png" FurnitureID="8028" />
<block name="TestFurniture" id="40033" text="铁艺壁灯（暗）" searchkey="铁艺壁灯（暗）" item_class="ItemFurniture" icon="Texture/blocks/items/ts_char_on.png" texture="Texture/blocks/wool_colored_white.png" FurnitureID="8029" />
<block name="TestFurniture" id="40034" text="铁艺路灯" searchkey="铁艺路灯" item_class="ItemFurniture" icon="Texture/blocks/items/ts_char_on.png" texture="Texture/blocks/wool_colored_white.png" FurnitureID="8030" />
<block name="TestFurniture" id="40035" text="铁艺路灯（暗）" searchkey="铁艺路灯（暗）" item_class="ItemFurniture" icon="Texture/blocks/items/ts_char_on.png" texture="Texture/blocks/wool_colored_white.png" FurnitureID="8031" />
<block name="TestFurniture" id="40036" text="电冰箱" searchkey="电冰箱" item_class="ItemFurniture" icon="Texture/blocks/items/ts_char_on.png" texture="Texture/blocks/wool_colored_white.png" FurnitureID="8032" />
<block name="TestFurniture" id="40037" text="台式电脑" searchkey="台式电脑" item_class="ItemFurniture" icon="Texture/blocks/items/ts_char_on.png" texture="Texture/blocks/wool_colored_white.png" FurnitureID="8033" />
<block name="TestFurniture" id="40038" text="南瓜灯" searchkey="南瓜灯" item_class="ItemFurniture" icon="Texture/blocks/items/ts_char_on.png" texture="Texture/blocks/wool_colored_white.png" FurnitureID="8034" />
<block name="TestFurniture" id="40039" text="三连排木窗" searchkey="三连排木窗" item_class="ItemFurniture" icon="Texture/blocks/items/ts_char_on.png" texture="Texture/blocks/wool_colored_white.png" FurnitureID="8035" />
<block name="TestFurniture" id="40040" text="豪华单人床" searchkey="豪华单人床" item_class="ItemFurniture" icon="Texture/blocks/items/ts_char_on.png" texture="Texture/blocks/wool_colored_white.png" FurnitureID="8036" />
<block name="TestFurniture" id="40041" text="豪华双人床" searchkey="豪华双人床" item_class="ItemFurniture" icon="Texture/blocks/items/ts_char_on.png" texture="Texture/blocks/wool_colored_white.png" FurnitureID="8037" />
<block name="TestFurniture" id="40042" text="豪华椅子" searchkey="豪华椅子" item_class="ItemFurniture" icon="Texture/blocks/items/ts_char_on.png" texture="Texture/blocks/wool_colored_white.png" FurnitureID="8038" />
<block name="TestFurniture" id="40043" text="豪华长椅" searchkey="豪华长椅" item_class="ItemFurniture" icon="Texture/blocks/items/ts_char_on.png" texture="Texture/blocks/wool_colored_white.png" FurnitureID="8039" />
<block name="TestFurniture" id="40044" text="豪华单人沙发" searchkey="豪华单人沙发" item_class="ItemFurniture" icon="Texture/blocks/items/ts_char_on.png" texture="Texture/blocks/wool_colored_white.png" FurnitureID="8040" />
<block name="TestFurniture" id="40045" text="豪华双人沙发" searchkey="豪华双人沙发" item_class="ItemFurniture" icon="Texture/blocks/items/ts_char_on.png" texture="Texture/blocks/wool_colored_white.png" FurnitureID="8041" />
<block name="TestFurniture" id="40046" text="豪华方桌" searchkey="豪华方桌" item_class="ItemFurniture" icon="Texture/blocks/items/ts_char_on.png" texture="Texture/blocks/wool_colored_white.png" FurnitureID="8042" />
<block name="TestFurniture" id="40047" text="豪华长桌" searchkey="豪华长桌" item_class="ItemFurniture" icon="Texture/blocks/items/ts_char_on.png" texture="Texture/blocks/wool_colored_white.png" FurnitureID="8043" />
<block name="TestFurniture" id="40048" text="豪华梳妆台" searchkey="豪华梳妆台" item_class="ItemFurniture" icon="Texture/blocks/items/ts_char_on.png" texture="Texture/blocks/wool_colored_white.png" FurnitureID="8044" />
<block name="TestFurniture" id="40049" text="豪华衣柜" searchkey="豪华衣柜" item_class="ItemFurniture" icon="Texture/blocks/items/ts_char_on.png" texture="Texture/blocks/wool_colored_white.png" FurnitureID="8045" />
<block name="TestFurniture" id="40050" text="豪华三斗柜" searchkey="豪华三斗柜" item_class="ItemFurniture" icon="Texture/blocks/items/ts_char_on.png" texture="Texture/blocks/wool_colored_white.png" FurnitureID="8046" />
<block name="TestFurniture" id="40051" text="豪华床头柜" searchkey="豪华床头柜" item_class="ItemFurniture" icon="Texture/blocks/items/ts_char_on.png" texture="Texture/blocks/wool_colored_white.png" FurnitureID="8047" />
<block name="TestFurniture" id="40052" text="豪华木门" searchkey="豪华木门" item_class="ItemFurniture" icon="Texture/blocks/items/ts_char_on.png" texture="Texture/blocks/wool_colored_white.png" FurnitureID="8048" />
<block name="TestFurniture" id="40053" text="豪华木窗" searchkey="豪华木窗" item_class="ItemFurniture" icon="Texture/blocks/items/ts_char_on.png" texture="Texture/blocks/wool_colored_white.png" FurnitureID="8049" />
<block name="TestFurniture" id="40054" text="豪华连排木窗" searchkey="豪华连排木窗" item_class="ItemFurniture" icon="Texture/blocks/items/ts_char_on.png" texture="Texture/blocks/wool_colored_white.png" FurnitureID="8050" />
<block name="TestFurniture" id="40055" text="豪华对开木窗" searchkey="豪华对开木窗" item_class="ItemFurniture" icon="Texture/blocks/items/ts_char_on.png" texture="Texture/blocks/wool_colored_white.png" FurnitureID="8051" />
<block name="TestFurniture" id="40056" text="豪华对开飘窗" searchkey="豪华对开飘窗" item_class="ItemFurniture" icon="Texture/blocks/items/ts_char_on.png" texture="Texture/blocks/wool_colored_white.png" FurnitureID="8052" />
<block name="TestFurniture" id="40057" text="豪华斜纹对开窗" searchkey="豪华斜纹对开窗" item_class="ItemFurniture" icon="Texture/blocks/items/ts_char_on.png" texture="Texture/blocks/wool_colored_white.png" FurnitureID="8053" />
<block name="TestFurniture" id="40058" text="豪华斜纹飘窗" searchkey="豪华斜纹飘窗" item_class="ItemFurniture" icon="Texture/blocks/items/ts_char_on.png" texture="Texture/blocks/wool_colored_white.png" FurnitureID="8054" />
<block name="TestFurniture" id="40059" text="豪华落地飘窗" searchkey="豪华落地飘窗" item_class="ItemFurniture" icon="Texture/blocks/items/ts_char_on.png" texture="Texture/blocks/wool_colored_white.png" FurnitureID="8055" />
<block name="TestFurniture" id="40060" text="豪华大落地飘窗" searchkey="豪华大落地飘窗" item_class="ItemFurniture" icon="Texture/blocks/items/ts_char_on.png" texture="Texture/blocks/wool_colored_white.png" FurnitureID="8056" />
<block name="TestFurniture" id="40061" text="豪华欧式木窗" searchkey="豪华欧式木窗" item_class="ItemFurniture" icon="Texture/blocks/items/ts_char_on.png" texture="Texture/blocks/wool_colored_white.png" FurnitureID="8057" />
<block name="TestFurniture" id="40062" text="豪华欧式铁窗" searchkey="豪华欧式铁窗" item_class="ItemFurniture" icon="Texture/blocks/items/ts_char_on.png" texture="Texture/blocks/wool_colored_white.png" FurnitureID="8058" />
<block name="TestFurniture" id="40063" text="豪华电冰箱" searchkey="豪华电冰箱" item_class="ItemFurniture" icon="Texture/blocks/items/ts_char_on.png" texture="Texture/blocks/wool_colored_white.png" FurnitureID="8059" />
<block name="TestFurniture" id="40064" text="壁灯" searchkey="壁灯" item_class="ItemFurniture" icon="Texture/blocks/items/ts_char_on.png" texture="Texture/blocks/wool_colored_white.png" FurnitureID="8060" />
<block name="TestFurniture" id="40065" text="壁灯(暗）" searchkey="壁灯(暗）" item_class="ItemFurniture" icon="Texture/blocks/items/ts_char_on.png" texture="Texture/blocks/wool_colored_white.png" FurnitureID="8061" />
<block name="TestFurniture" id="40066" text="台灯" searchkey="台灯" item_class="ItemFurniture" icon="Texture/blocks/items/ts_char_on.png" texture="Texture/blocks/wool_colored_white.png" FurnitureID="8062" />
<block name="TestFurniture" id="40067" text="台灯(暗）" searchkey="台灯(暗）" item_class="ItemFurniture" icon="Texture/blocks/items/ts_char_on.png" texture="Texture/blocks/wool_colored_white.png" FurnitureID="8063" />
<block name="TestFurniture" id="40068" text="雕像" searchkey="雕像" item_class="ItemFurniture" icon="Texture/blocks/items/ts_char_on.png" texture="Texture/blocks/wool_colored_white.png" FurnitureID="8100" />
-->