<?xml version="1.0" encoding="utf-8"?>
<GuideMask>

  <Guide name="PlanetManage_flat" _KEY="name">
    <Step alignment="_ct" style="margin-left:-465px;margin-top:-295px;width:931px;height:590px;background:url(gameassets/textures/guides/01.png);" />
    <Step alignment="_ct" style="margin-left:-465px;margin-top:-295px;width:931px;height:590px;background:url(gameassets/textures/guides/02.png);" />
  </Guide>
  
  <Guide name="Tool_toolbar" _KEY="name">
    <Step alignment="_ct" style="margin-left:-465px;margin-top:-295px;width:931px;height:590px;background:url(gameassets/textures/guides/03.png);" />
    <Step alignment="_ct" style="margin-left:-465px;margin-top:-295px;width:931px;height:590px;background:url(gameassets/textures/guides/04.png);" />
    <Step alignment="_ct" style="margin-left:-465px;margin-top:-295px;width:931px;height:590px;background:url(gameassets/textures/guides/05.png);" />
  </Guide>

  <Guide name="Tool_select" _KEY="name">
    <Step alignment="_ct" style="margin-left:-465px;margin-top:-295px;width:931px;height:590px;background:url(gameassets/textures/guides/06.png);" />
    <Step alignment="_ct" style="margin-left:-465px;margin-top:-295px;width:931px;height:590px;background:url(gameassets/textures/guides/07.png);" />
  </Guide>

</GuideMask>