<?xml version="1.0" encoding="utf-8"?>
<!--properties
  <createBlock/>                                                            创建方块
  <editBlock multi="true"/>                                                 按ctrl进入编辑方块, multi(一次编辑一片)
  <triggerBlock/>                                                           点击触发block onclick
  <destroyBlock tool="10053" force="true" multi="true"/>                   破坏方块, tool(需要镐10053)，quick(直接左键单击)，force(续力强力破坏) ,multi(多块破坏)
  <replaceBlock multi="true"/>                                              替换方块, multi(替换一片)           
  
  <pickToHand/>                                                             按alt拾取方块到手里
  
  <clickEntity />                                                           点击Entity
  
  <teleport upward="true" downward="false"/>                                传送，upward(向上),downward(向下)
  <undo/>                                                                   撤销
  <redo/>                                                                   重复
  <copyMousePosition relative="true"/>                                      复制鼠标坐标
  <toggleSelection/>                                                        切换选中


  注意相同快捷键之间的顺序
-->
<InputConfig>
  <Edit>
    <handleEditBlockManipulator />
  
    <batchOperation hotkey="left"/>
    <batchOperation hotkey="touch"/>

    <useItem hotkey="left" />
    <destroyBlock hotkey="left"  force="true"/>

    <editBlock hotkey="left" ctrl="true"/>
    <editBlock hotkey="left" ctrl="true" shift="true" multi="true"/>
    <clickEntity hotkey="left"/>
    <clickEntity hotkey="right" />
    <triggerBlock hotkey="left"/>
    <triggerBlock hotkey="right"/>
    <createBlock hotkey="right"/>
    <createBlock hotkey="right" shift="true" multi="true"/>

    <destroyBlock hotkey="left" />
    <destroyBlock hotkey="left" shift="true" multi="true"/>
    <replaceBlock hotkey="right" alt="true"/>
    <replaceBlock hotkey="right" alt="true" shift="true" multi="true"/>

    <pickToHand hotkey="left" alt="true"/>
    
    <teleport hotkey="middle"/>
    <teleport hotkey="DIK_TAB" upward="true"/>
    <teleport hotkey="DIK_TAB" shift="true" downward="true"/>
    <undo hotkey="DIK_Z" ctrl="true"/>
    <redo hotkey="DIK_Y" ctrl="true"/>
    <pasteSelectedBlock hotkey="DIK_V" ctrl="true"/>
    <copyMousePosition hotkey="DIK_T" ctrl="true"/>
    <copyMousePosition hotkey="DIK_R" relative="true" ctrl="true"/>
    <toggleSelection hotkey="DIK_D" ctrl="true"/>

    <throwBlock hotkey="DIK_Q" />  
    <openDebuger hotkey="DIK_F12" dev="true"/>
    <openConsole hotkey="DIK_F11" dev="true"/>
    <openMCMLBrowser hotkey="DIK_F3" dev="true"/>
    <toggleCamera hotkey="DIK_F5" />
    <toggleFov hotkey="DIK_GRAVE" />
    <jump hotkey="DIK_SPACE" />
    <toggleFly hotkey="DIK_F" />


    <blockTurnLeft hotkey="gesture_rotate" flag="1" />
    <blockTurnRight hotkey="gesture_rotate" flag="2" />
    <blockScaleUp hotkey="gesture_pinch" flag="1" />
    <blockScaleDown hotkey="gesture_pinch" flag="2" />

    <cameraZoomIn hotkey="gesture_pinch" flag="1"/>
    <cameraZoomOut hotkey="gesture_pinch" flag="2"/>
    <flyUpward hotkey="gesture_move" flag="4"/>
    <flyDownward hotkey="gesture_move" flag="8"/>


    
    <destroyBlock hotkey="touch" force="true"/>
    <triggerBlock hotkey="touch"/>
    <clickEntity hotkey="touch"/>
    <createBlock hotkey="touch" />



    <jump hotkey="touch" flag="16"/>
    <cameraZoomIn hotkey="gesture_pinch" flag="1"/>
    <cameraZoomOut hotkey="gesture_pinch" flag="2"/>
    <touchCamera />
    

  </Edit>

  <!--去掉大规模编辑功能-->
  <MultiPlayerEdit>
    <handleEditBlockManipulator />
  
    <batchOperation hotkey="left"/>
    <batchOperation hotkey="touch"/>

    <useItem hotkey="left" />


    <destroyBlock hotkey="left"  force="true"/>
    <clickEntity hotkey="left"/>
    <clickEntity hotkey="right"/>
    <triggerBlock hotkey="left"/>
    <triggerBlock hotkey="right"/>
    <createBlock hotkey="right"/>
    <createBlock hotkey="right" shift="true" multi="true"/>

    <destroyBlock hotkey="left" />
    <destroyBlock hotkey="left" shift="true" multi="true"/>
    <replaceBlock hotkey="right" alt="true"/>

    <pickToHand hotkey="left" alt="true"/>

    <teleport hotkey="middle"/>
    <teleport hotkey="DIK_TAB" upward="true"/>
    <teleport hotkey="DIK_TAB" shift="true" downward="true"/>
    <undo hotkey="DIK_Z" ctrl="true"/>
    <redo hotkey="DIK_Y" ctrl="true"/>
    <pasteSelectedBlock hotkey="DIK_V" ctrl="true"/>
    <copyMousePosition hotkey="DIK_T" ctrl="true"/>
    <copyMousePosition hotkey="DIK_R" relative="true" ctrl="true"/>
    <toggleSelection hotkey="DIK_D" ctrl="true"/>
  
    <throwBlock hotkey="DIK_Q" />  
    <openDebuger hotkey="DIK_F12" dev="true"/>
    <openConsole hotkey="DIK_F11" dev="true"/>
    <openMCMLBrowser hotkey="DIK_F3" dev="true"/>
    <toggleCamera hotkey="DIK_F5" />
    <toggleFov hotkey="DIK_GRAVE" />
    <jump hotkey="DIK_SPACE" />
    <toggleFly hotkey="DIK_F" />


    <createBlock hotkey="touch"/>
    <destroyBlock hotkey="touch" force="true"/>
    <triggerBlock hotkey="touch"/>
    <clickEntity hotkey="touch"/>
    <createBlock hotkey="touch" />



    <jump hotkey="touch" flag="16"/>
    <cameraZoomIn hotkey="gesture_pinch" flag="1"/>
    <cameraZoomOut hotkey="gesture_pinch" flag="2"/>
    <touchCamera />
    
  </MultiPlayerEdit>

  <Play showWrieFrame="false">
    <useItem hotkey="left" />


    <clickEntity hotkey="left"/>
    <clickEntity hotkey="right"/>

    <triggerBlock hotkey="left"/>
    
    <!--禁用告示板-->
    <!-->triggerBlock hotkey="right"/-->

  
    <openDebuger hotkey="DIK_F12" dev="true"/>
    <openConsole hotkey="DIK_F11" dev="true"/>
    <openMCMLBrowser hotkey="DIK_F3" dev="true"/>
    <toggleCamera hotkey="DIK_F5" />
    <toggleFov hotkey="DIK_GRAVE" />
    <jump hotkey="DIK_SPACE" />
    <toggleFly hotkey="DIK_F" />
    <touchCamera />
  </Play>

  <Bigworld>
    <useItem hotkey="left" />

    <clickEntity hotkey="left"/>
    <clickEntity hotkey="right"/>
    <triggerBlock hotkey="left"/>
    <triggerBlock hotkey="right"/>


    <openDebuger hotkey="DIK_F12" dev="true"/>
    <openConsole hotkey="DIK_F11" dev="true"/>
    <openMCMLBrowser hotkey="DIK_F3" dev="true"/>
    <toggleCamera hotkey="DIK_F5" />
    <toggleFov hotkey="DIK_GRAVE" />
    <jump hotkey="DIK_SPACE" />

    <triggerBlock hotkey="touch"/>
    <clickEntity hotkey="touch"/>

    
    <cameraZoomIn hotkey="gesture_pinch" flag="1"/>
    <cameraZoomOut hotkey="gesture_pinch" flag="2"/>
    <touchCamera />

  </Bigworld>

  <Guide>
    <destroyBlock hotkey="left" tool="10053"/>
    <triggerBlock hotkey="left"/>
    <triggerBlock hotkey="right"/>
    <createBlock hotkey="right"/>
    <undo hotkey="DIK_Z" ctrl="true"/>

  
    <throwBlock hotkey="DIK_Q" />  
    <openDebuger hotkey="DIK_F12" dev="true"/>
    <openConsole hotkey="DIK_F11" dev="true"/>
    <openMCMLBrowser hotkey="DIK_F3" dev="true"/>
    <toggleCamera hotkey="DIK_F5" />
    <toggleFov hotkey="DIK_GRAVE" />
    <jump hotkey="DIK_SPACE" />
    <toggleFly hotkey="DIK_F" />
  </Guide>

  <GuideMission>
    <triggerBlock hotkey="left"/>
    <triggerBlock hotkey="right"/>
  

    <input hotkey="left"/>
    <input hotkey="left" ctrl="true"/>
    <input hotkey="left" alt="true"/>
    <input hotkey="left" shift="true"/>
    
    <input hotkey="right"/>
    <input hotkey="right" ctrl="true"/>
    <input hotkey="right" alt="true"/>
    <input hotkey="right" shift="true"/>
    <input hotkey="right" shift="true" alt="true"/>
    


    <toggleFly hotkey="DIK_F" />
    <jump hotkey="DIK_SPACE" />
  </GuideMission>
  
  
</InputConfig>
 