<?xml version="1.0" encoding="UTF-8" standalone="yes"?>
<!-- edited with XMLSpy v2013 (http://www.altova.com) by  () -->
<!--

物品表

ID：本表ID   10000001起，皮肤从10000001起

LookFace：物品外观

Name：物品英文名

NameText：物品中文名

Overlapped：最大堆叠数

Type:种类 1-皮肤

Subtype:子类 1-头head 2-身体Body 3-腿leg 4-手hand 5-脚foot 6-饰品Attachment 7-眼睛Eye 8-嘴巴Mouth

Order：排列顺序

Tip：Tips描述

Container:装物品容器  eg.bag 背包  skinbag皮肤栏

-->
<Items>
	<!-- 	<Item ID="40000001" OverLapped="1" IsOverLapped="1" SubType="1" Type="3" _KEY="ID"/>
	<Item ID="40000002" OverLapped="1" IsOverLapped="1" SubType="2" Type="3" _KEY="ID"/>
	<Item ID="40000003" OverLapped="1" IsOverLapped="1" SubType="3" Type="3" _KEY="ID"/>
	<Item ID="40000004" OverLapped="1" IsOverLapped="1" SubType="4" Type="3" _KEY="ID"/>
	<Item ID="40000005" OverLapped="1" IsOverLapped="1" SubType="5" Type="3" _KEY="ID"/>
	<Item ID="40000006" OverLapped="1" IsOverLapped="1" SubType="1" Type="3" _KEY="ID"/>
	<Item ID="40000007" OverLapped="1" IsOverLapped="1" SubType="2" Type="3" _KEY="ID"/>
	<Item ID="40000008" OverLapped="1" IsOverLapped="1" SubType="3" Type="3" _KEY="ID"/>
	<Item ID="40000009" OverLapped="1" IsOverLapped="1" SubType="4" Type="3" _KEY="ID"/>
	<Item ID="40000010" OverLapped="1" IsOverLapped="1" SubType="5" Type="3" _KEY="ID"/>
	<Item ID="40000011" OverLapped="1" IsOverLapped="1" SubType="6" Type="3" _KEY="ID"/>
	<Item ID="40000012" OverLapped="1" IsOverLapped="1" SubType="6" Type="3" _KEY="ID"/>
	<Item ID="40000013" OverLapped="1" IsOverLapped="1" SubType="6" Type="3" _KEY="ID"/>
	<Item ID="40000014" OverLapped="1" IsOverLapped="1" SubType="6" Type="3" _KEY="ID"/> -->
	<Item ID="40000015" OverLapped="1" IsOverLapped="1" SubType="1" Type="3" NameText="奔放冲天" _KEY="ID"/>
	<Item ID="40000016" OverLapped="1" IsOverLapped="1" SubType="1" Type="3" NameText="文艺艺术家" _KEY="ID"/>
	<Item ID="40000017" OverLapped="1" IsOverLapped="1" SubType="1" Type="3" NameText="萨斯克" _KEY="ID"/>
	<Item ID="40000018" OverLapped="1" IsOverLapped="1" SubType="1" Type="3" NameText="贤淑波浪" _KEY="ID"/>
	<Item ID="40000019" OverLapped="1" IsOverLapped="1" SubType="1" Type="3" NameText="俏皮双辫" _KEY="ID"/>
	<Item ID="40000020" OverLapped="1" IsOverLapped="1" SubType="1" Type="3" NameText="可爱翘短" _KEY="ID"/>
	<Item ID="40000021" OverLapped="1" IsOverLapped="1" SubType="2" Type="3" NameText="帅气的白衬衫" _KEY="ID"/>
	<Item ID="40000022" OverLapped="1" IsOverLapped="1" SubType="2" Type="3" NameText="时尚T恤" _KEY="ID"/>
	<Item ID="40000023" OverLapped="1" IsOverLapped="1" SubType="2" Type="3" NameText="美丽的白衬衫" _KEY="ID"/>
	<Item ID="40000024" OverLapped="1" IsOverLapped="1" SubType="2" Type="3" NameText="时尚吊带" _KEY="ID"/>
	<Item ID="40000025" OverLapped="1" IsOverLapped="1" SubType="3" Type="3" NameText="帅气的西裤" _KEY="ID"/>
	<Item ID="40000026" OverLapped="1" IsOverLapped="1" SubType="3" Type="3" NameText="沉稳卷边裤" _KEY="ID"/>
	<Item ID="40000027" OverLapped="1" IsOverLapped="1" SubType="3" Type="3" NameText="美丽的百褶裙" _KEY="ID"/>
	<Item ID="40000028" OverLapped="1" IsOverLapped="1" SubType="3" Type="3" NameText="时尚短裙" _KEY="ID"/>
	<Item ID="40000029" OverLapped="1" IsOverLapped="1" SubType="5" Type="3" NameText="普通男鞋" _KEY="ID"/>
	<Item ID="40000030" OverLapped="1" IsOverLapped="1" SubType="5" Type="3" NameText="普通女鞋" _KEY="ID"/>
	<Item ID="40000031" OverLapped="1" IsOverLapped="1" SubType="2" Type="3" NameText="磨砺修道服" _KEY="ID"/>
	<Item ID="40000032" OverLapped="1" IsOverLapped="1" SubType="2" Type="3" NameText="蓬蓬石榴裙" _KEY="ID"/>
	<Item ID="40000033" OverLapped="1" IsOverLapped="1" SubType="3" Type="3" NameText="磨砺修道裤" _KEY="ID"/>
	<Item ID="40000034" OverLapped="1" IsOverLapped="1" SubType="5" Type="3" NameText="磨砺修道靴" _KEY="ID"/>
	<Item ID="40000035" OverLapped="1" IsOverLapped="1" SubType="7" Type="3" NameText="柔情" _KEY="ID"/>
	<Item ID="40000036" OverLapped="1" IsOverLapped="1" SubType="7" Type="3" NameText="天真" _KEY="ID"/>
</Items>
