<?xml version="1.0" encoding="utf-8"?>
<LoadingTipsConfig>
    <!-- <Common text="在“更换形象”中，你可以选择喜欢的角色替换形象。" /> -->
    <Common text="加了好友之后，就能愉快地聊天和联机游戏了~" />
    <!-- <Common text="商城里可以购买更多的皮肤，目前全都是免费的！" /> -->
    <Common text="游戏内的聊天以弹幕形式呈现，并且可以随时开启与关闭。" />
    <!-- <Common text="如果对基础操作还不熟悉的话，去左上角的“造物宝典”里看看吧。" /> -->
    <!-- <Common text="在《纸盒人星球》里你甚至可以踢足球？去“官方星球”看看吧。" /> -->
    <!-- <Common text="想和小伙伴下一盘五子棋？去“官方星球”看看吧。" /> -->
    <Common_Pc text="F5可以在第一、第三人称视角之间切换。" />
    <Common_Pc text="在水中人物会沉下去，按住空格可以向上游。" />
    
    <!-- <BigWorld text="大世界内有奖杯外观的装置，点击可以查看全服星球排行。" /> -->
    <!-- <BigWorld text="淘木家具厂正在大世界展示中~" /> -->
    <BigWorld_Pc text="在大世界中可以按数字键1~9，做出对应的动作与其他玩家交流。" />
    
    <!-- <GuideWorld text="按教程内的提示完成教程，学习游戏内的各种操作吧！" /> -->
    <!-- <GuideWorld text="如果是第一次进入游戏的话，去左上角的“造物宝典”里的“星球百科”看看吧。" /> -->
    
    <Visit text="觉得这个星球不错的话，不要忘了点个赞哦~。" />
    <Visit text="想让更多玩家看到你的作品？把“参观设定”设置为“所有人都可以参观”吧。" />
    <!-- <Visit text="在大世界内可以看到星球排行榜，点赞数是上榜的依据哦~" /> -->
    <!-- <Visit text="在大世界内可以看到星球排行榜，点赞数是上榜的依据哦~" /> -->
    

    <AloneEdit text="找不到想要的方块了？试试在背包里输入关键字搜索吧。" />
    <AloneEdit text="一个账号最多可以建造的星球数是10个。" />
    <AloneEdit text="自然类型的星球生成的地形更接近于真实地形。" />
    <AloneEdit text="小地图中的“环境”可以调整星球的时间、天气、天空等设置。" />
    <AloneEdit_Pc text="Ctrl+鼠标左键可以选中一片区域的方块，然后可以进行复制、替换、镜像等操作。" />
    <AloneEdit_Pc text="按F可以进入飞行模式，再次按即回到行走模式。" />
    <AloneEdit_Pc text="按Tab快速移动到上一层，按Shift+Tab快速移动到下一层。" />

    <MultiPlayer text="进入房间后请文明搭建，不要随意破坏其他玩家的作品哦~" />
    <MultiPlayer text="找不到某个玩家的时候，打开玩家列表后点击传送就可以到他的身边。" />
    <MultiPlayer text="一个个方块搭建太慢的话，打开左上角的工具试试各类快捷建造。" />
    <MultiPlayer text="觉得这个星球不错的话，不要忘了点个赞哦~" />
    <MultiPlayer_Pc text="Shift+鼠标右键可以快速建造三个方块，或是把20格范围内的相同方块连起来。" />

    <!-- <MultiGame text="官方星球一般是无法编辑地图的，且都有专属的规则，可以在创建界面查看介绍。" /> -->
    <!-- <MultiGame_Pc text="手上有道具的情况下，使用鼠标滚轮切换至该道具或直接按对应的数字键即可使用道具。" /> -->
</LoadingTipsConfig>


