<?xml version="1.0" encoding="utf-8"?>
<NoEditBlock>
    <Category Name="液体">
        <Option ID="75" Type="block" NoName="NoWaterBlock" Tip="水"/>
<!--         <Option ID="799" Type="block" NoName="NoGreenWaterBlock" Tip="绿水"/>
        <Option ID="824" Type="block" NoName="NoLavaBlock" Tip="岩浆"/> -->
    </Category>
    <Category Name="炸药">
        <Option ID="196" Type="block" NoName="NoBombBlock" Tip="炸药"/>
<!--         <Option ID="854" Type="block" NoName="NoDaDiHongBlock" Tip="大地红"/>
        <Option ID="855" Type="block" NoName="NoGaoShengBlock" Tip="高升"/> -->
    </Category>
    <Category Name="机关">
        <Option ID="110" Type="block" NoName="NoTeleportBlock" Tip="传送石"/>
    </Category>
<!--     <Category Name="家具">
        <Option Type="furnitures" NoName="NoFurniture" Tip="所有家具" Icon="gameassets/furnitures/icon/8009.png"/>
    </Category> -->
</NoEditBlock>
