<?xml version="1.0" encoding="utf-8"?>
<Preload>
  <Group name="general" _KEY="name">
    <Resource type="texture" path="gameassets/textures/ui_04_friend/NewFriendInfoUI.png"/>
    <Resource type="texture" path="gameassets/textures/ui_03_planet/NewCreateModeUI.png"/>
    <Resource type="texture" path="gameassets/textures/ui_02_login/NewLoginPageUI.png"/>
    <Resource type="texture" path="gameassets/textures/ui_03_planet/52.png"/>
    <Resource type="texture" path="gameassets/icons/planets/planet1024x1024_big_32bits.png"/>
    <Resource type="texture" path="gameassets/icons/planets/planetDeath1024x1024_big_32bits.png"/>
    <Resource type="texture" path="gameassets/icons/planets/planetScaffold1024x1024_big_32bits.png"/>
    <Resource type="texture" path="gameassets/icons/planets/planetPanda1024x1024_big_32bits.png"/>
    <Resource type="texture" path="gameassets/icons/planets/planetMooncake1024x1024_big_32bits.png"/>
    <Resource type="texture" path="gameassets/textures/ui_02_login/LoginBG.png"/>
    <Resource type="texture" path="gameassets/textures/ui_14_others/loading_1920X1440.jpg"/>
    <!-- pc ui-->
    <Resource type="texture" path="gameassets_pc/textures/ui_common/background.png"/>
    <Resource type="texture" path="gameassets_pc/textures/ui_common/messagebox.png"/>
    <Resource type="texture" path="gameassets_pc/textures/ui_friend/friend.png"/>
    <Resource type="texture" path="gameassets_pc/textures/ui_gamescene/chatwindow.png"/>
    <Resource type="texture" path="gameassets_pc/textures/ui_gamescene/inventorypage.png"/>
    <Resource type="texture" path="gameassets_pc/textures/ui_gamescene/functionbutton.png"/>
    <Resource type="texture" path="gameassets_pc/textures/ui_gamescene/NewBuilderFrame.png"/>
    <Resource type="texture" path="gameassets_pc/textures/ui_gamescene/selectmodelpage.png"/>
    <Resource type="texture" path="gameassets_pc/textures/ui_gamescene/quickemotionbar.png"/>
    <Resource type="texture" path="gameassets_pc/textures/ui_loginPage/loginPage_PC.png"/>
    <Resource type="texture" path="gameassets_pc/textures/ui_offline/offline.png"/>
    <Resource type="texture" path="gameassets_pc/textures/ui_planet/planetcreate.png"/>
    <Resource type="texture" path="gameassets_pc/textures/ui_planet/planetmanage.png"/>
    <Resource type="texture" path="gameassets_pc/textures/ui_planet/planetsearch.png"/>
    <Resource type="texture" path="gameassets_pc/textures/ui_planet/visitaccess.png"/>
    <Resource type="texture" path="gameassets_pc/textures/ui_playerinfo/playerinfo.png"/>
    <Resource type="texture" path="gameassets_pc/textures/ui_room/room.png"/>
    <Resource type="texture" path="gameassets_pc/textures/ui_room/roominfo.png"/>
    <Resource type="texture" path="gameassets_pc/textures/ui_settings/escframe.png"/>
    <Resource type="texture" path="gameassets_pc/textures/ui_settings/systemsettings.png"/>
    <Resource type="texture" path="gameassets_pc/textures/ui_tool/toolbar.png"/>
    <Resource type="texture" path="gameassets_pc/textures/ui_tool/ToolPage.png"/>
    <!-- common ui -->
    <Resource type="texture" path="gameassets/textures/ui_24_mail/MailUI.png"/>
    <Resource type="texture" path="gameassets/textures/ui_06_shop/NewShopUI.png"/>
    <Resource type="texture" path="gameassets/textures/ui_06_shop/AvatarUI.png"/>


  </Group>

  <Group name="guidemask" _KEY="name">
    <Resource type="texture" path="gameassets/textures/guides/01.png"/>
    <Resource type="texture" path="gameassets/textures/guides/02.png"/>
    <Resource type="texture" path="gameassets/textures/guides/03.png"/>
    <Resource type="texture" path="gameassets/textures/guides/04.png"/>
    <Resource type="texture" path="gameassets/textures/guides/05.png"/>
    <Resource type="texture" path="gameassets/textures/guides/06.png"/>
    <Resource type="texture" path="gameassets/textures/guides/07.png"/>
  </Group>
</Preload>
