<?xml version="1.0" encoding="utf-8"?>
<!--ref inputconfig-->
<RoomPermission>
  <clickEntity default="true"/>
  <triggerBlock default="true"/>
  <toggleCamera default="true"/>
  <toggleFov default="true"/>

  <jump  default="true"/>
  <toggleFly default="true"/>

  <openDebuger default="true"/>
  <openConsole default ="true"/>
  <edit default ="true"/>
    
  <!--input-->
  <useItem default="true" deps="{'edit'}"/>

  <createBlock default="true" deps="{'edit'}"/>
  <editBlock default="true" deps="{'edit'}"/>
  <replaceBlock default="true" deps="{'edit'}"/>
  <destroyBlock default="true" deps="{'edit'}"/>
  <throwBlock default="true" deps="{'edit'}"/>
  <undo default="true" deps="{'edit'}"/>
  <redo default="true" deps="{'edit'}"/>
  <pickToHand default="true" deps="{'edit'}"/>
  <copyMousePosition default="true" deps="{'edit'}"/>
  <toggleSelection default="true" deps="{'edit'}"/>

  <teleport default="true"/>

  <NoBombBlock  blockid="196"/>
  <NoWaterBlock  blockid="75"/>
  <NoGreenWaterBlock  blockid="799"/>
  <NoLavaBlock  blockid="824"/>
  <NoTeleportBlock  blockid="110"/>
  <NoDaDiHongBlock  blockid="854"/>
  <NoGaoShengBlock  blockid="855"/>

  <NoFurniture default="true"/>

    <!--ui-->
    <useTools default="true"/>
    <useToolsFriends default="true" deps="{'isFriend'}"/>
    

  <!--from server-->
  <isFriend />





</RoomPermission>