<?xml version="1.0" encoding="utf-8"?>
<SmileyConfig>
    <symbols icon ="gameassets/icons/emojis/standard/1.png" symbol="$1" gsid=1 tipname="安静"/>
    <symbols icon ="gameassets/icons/emojis/standard/2.png" symbol="$2" gsid=2 tipname="傲慢"/>
    <symbols icon ="gameassets/icons/emojis/standard/3.png" symbol="$3" gsid=3 tipname="白眼"/>
    <symbols icon ="gameassets/icons/emojis/standard/4.png" symbol="$4" gsid=4 tipname="鄙视"/>
    <symbols icon ="gameassets/icons/emojis/standard/5.png" symbol="$5" gsid=5 tipname="不高兴"/>
    <symbols icon ="gameassets/icons/emojis/standard/6.png" symbol="$6" gsid=6 tipname="大笑"/>
    <symbols icon ="gameassets/icons/emojis/standard/7.png" symbol="$7" gsid=7 tipname="得意"/>
    <symbols icon ="gameassets/icons/emojis/standard/8.png" symbol="$8" gsid=8 tipname="愤怒"/>
    <symbols icon ="gameassets/icons/emojis/standard/9.png" symbol="$9" gsid=9 tipname="尴尬"/>
    <symbols icon ="gameassets/icons/emojis/standard/10.png" symbol="$10" gsid=10 tipname="哈欠"/>
    <symbols icon ="gameassets/icons/emojis/standard/11.png" symbol="$11" gsid=11 tipname="害羞"/>
    <symbols icon ="gameassets/icons/emojis/standard/12.png" symbol="$12" gsid=12 tipname="滑稽"/>
    <symbols icon ="gameassets/icons/emojis/standard/13.png" symbol="$13" gsid=13 tipname="加油"/>
    <symbols icon ="gameassets/icons/emojis/standard/14.png" symbol="$14" gsid=14 tipname="奸笑"/>
    <symbols icon ="gameassets/icons/emojis/standard/15.png" symbol="$15" gsid=15 tipname="惊恐"/>
    <symbols icon ="gameassets/icons/emojis/standard/16.png" symbol="$16" gsid=16 tipname="惊讶"/>
    <symbols icon ="gameassets/icons/emojis/standard/17.png" symbol="$17" gsid=17 tipname="可怜"/>
    <symbols icon ="gameassets/icons/emojis/standard/18.png" symbol="$18" gsid=18 tipname="抠鼻"/>
    <symbols icon ="gameassets/icons/emojis/standard/19.png" symbol="$19" gsid=19 tipname="哭"/>
    <symbols icon ="gameassets/icons/emojis/standard/20.png" symbol="$20" gsid=20 tipname="骷髅"/>
    <symbols icon ="gameassets/icons/emojis/standard/21.png" symbol="$21" gsid=21 tipname="酷"/>
    <symbols icon ="gameassets/icons/emojis/standard/22.png" symbol="$22" gsid=22 tipname="困"/>
    <symbols icon ="gameassets/icons/emojis/standard/23.png" symbol="$23" gsid=23 tipname="流汗"/>
    <symbols icon ="gameassets/icons/emojis/standard/24.png" symbol="$24" gsid=24 tipname="懵"/>
    <symbols icon ="gameassets/icons/emojis/standard/25.png" symbol="$25" gsid=25 tipname="呕吐"/>
    <symbols icon ="gameassets/icons/emojis/standard/26.png" symbol="$26" gsid=26 tipname="亲亲"/>
    <symbols icon ="gameassets/icons/emojis/standard/27.png" symbol="$27" gsid=27 tipname="热爱"/>
    <symbols icon ="gameassets/icons/emojis/standard/28.png" symbol="$28" gsid=28 tipname="生气"/>
    <symbols icon ="gameassets/icons/emojis/standard/29.png" symbol="$29" gsid=29 tipname="衰"/>
    <symbols icon ="gameassets/icons/emojis/standard/30.png" symbol="$30" gsid=30 tipname="睡觉"/>
    <symbols icon ="gameassets/icons/emojis/standard/31.png" symbol="$31" gsid=31 tipname="调皮"/>
    <symbols icon ="gameassets/icons/emojis/standard/32.png" symbol="$32" gsid=32 tipname="微笑"/>
    <symbols icon ="gameassets/icons/emojis/standard/33.png" symbol="$33" gsid=33 tipname="委屈"/>
    <symbols icon ="gameassets/icons/emojis/standard/34.png" symbol="$34" gsid=34 tipname="无语"/>
    <symbols icon ="gameassets/icons/emojis/standard/35.png" symbol="$35" gsid=35 tipname="捂嘴笑"/>
    <symbols icon ="gameassets/icons/emojis/standard/36.png" symbol="$36" gsid=36 tipname="笑哭"/>
    <symbols icon ="gameassets/icons/emojis/standard/37.png" symbol="$37" gsid=37 tipname="疑问"/>
    <symbols icon ="gameassets/icons/emojis/standard/38.png" symbol="$38" gsid=38 tipname="阴笑"/>
    <symbols icon ="gameassets/icons/emojis/standard/39.png" symbol="$39" gsid=39 tipname="右哼"/>
    <symbols icon ="gameassets/icons/emojis/standard/40.png" symbol="$40" gsid=40 tipname="晕"/>
    <symbols icon ="gameassets/icons/emojis/standard/41.png" symbol="$41" gsid=41 tipname="再见"/>
    <symbols icon ="gameassets/icons/emojis/standard/42.png" symbol="$42" gsid=42 tipname="折磨"/>
    <symbols icon ="gameassets/icons/emojis/standard/43.png" symbol="$43" gsid=43 tipname="猪头"/>
    <symbols icon ="gameassets/icons/emojis/standard/44.png" symbol="$44" gsid=44 tipname="呲牙"/>
    <symbols icon ="gameassets/icons/emojis/standard/45.png" symbol="$45" gsid=45 tipname="左哼"/>
</SmileyConfig>
