<?xml version="1.0" encoding="UTF-8" standalone="yes"?>
<!-- edited with XMLSpy v2013 (http://www.altova.com) by  () -->
<!--
商城里具体售卖的表
ID：本表ID   10000001起
ItemID：Item.xml中的id
MaxQuantity:可购买的该道具的最大数量
PriceType: 价格类型 0 金币 1 银币 2 铜币
 -->
<StoreSellItems>
	<!-- 	<StoreSellItem ID="10000001" StoreItemID="20000001" ItemID="40000001" MaxQuantity="100" ExpiredTime="120" DisplayName="默认女头" DisplayPic="" Price="5" PriceType="0" _KEY="ID"/>
	<StoreSellItem ID="10000002" StoreItemID="20000001" ItemID="40000002" MaxQuantity="100" ExpiredTime="120" DisplayName="默认女身" DisplayPic="" Price="10" PriceType="1" _KEY="ID"/>
	<StoreSellItem ID="10000003" StoreItemID="20000001" ItemID="40000003" MaxQuantity="100" ExpiredTime="120" DisplayName="默认女腿" DisplayPic="" Price="15" PriceType="2" _KEY="ID"/>
	<StoreSellItem ID="10000004" StoreItemID="20000001" ItemID="40000004" MaxQuantity="100" DisplayName="默认女手" DisplayPic="" Price="0" PriceType="1" _KEY="ID"/>
	<StoreSellItem ID="10000005" StoreItemID="20000001" ItemID="40000005" MaxQuantity="100" DisplayName="默认女脚" DisplayPic="" Price="0" PriceType="1" _KEY="ID"/>
	<StoreSellItem ID="10000006" StoreItemID="20000001" ItemID="40000006" MaxQuantity="100" DisplayName="默认男头" DisplayPic="" Price="0" PriceType="1" _KEY="ID"/>
	<StoreSellItem ID="10000007" StoreItemID="20000001" ItemID="40000007" MaxQuantity="100" DisplayName="默认男身" DisplayPic="" Price="0" PriceType="1" _KEY="ID"/>
	<StoreSellItem ID="10000008" StoreItemID="20000001" ItemID="40000008" MaxQuantity="100" DisplayName="默认男腿" DisplayPic="" Price="0" PriceType="1" _KEY="ID"/>
	<StoreSellItem ID="10000009" StoreItemID="20000001" ItemID="40000009" MaxQuantity="100" DisplayName="默认男手" DisplayPic="" Price="0" PriceType="1" _KEY="ID"/>
	<StoreSellItem ID="10000010" StoreItemID="20000001" ItemID="40000010" MaxQuantity="100" DisplayName="默认男脚" DisplayPic="" Price="0" PriceType="1" _KEY="ID"/>
	<StoreSellItem ID="10000011" StoreItemID="20000001" ItemID="40000011" MaxQuantity="1" DisplayName="徽章" DisplayPic="" Price="0" PriceType="1" _KEY="ID"/>
	<StoreSellItem ID="10000012" StoreItemID="20000001" ItemID="40000012" MaxQuantity="1" DisplayName="胡子" DisplayPic="" Price="0" PriceType="1" _KEY="ID"/>
	<StoreSellItem ID="10000013" StoreItemID="20000001" ItemID="40000013" MaxQuantity="1" DisplayName="眼镜" DisplayPic="" Price="0" PriceType="1" _KEY="ID"/>
	<StoreSellItem ID="10000014" StoreItemID="20000001" ItemID="40000014" MaxQuantity="100" ExpiredTime="120" DisplayName="帽子" DisplayPic="" Price="0" PriceType="1" _KEY="ID"/>
	<StoreSellItem ID="10000015" StoreItemID="20000001" ItemID="40000014" MaxQuantity="100" ExpiredTime="100" DisplayName="帽子" DisplayPic="" Price="0" PriceType="1" _KEY="ID"/> -->
	<StoreSellItem ID="10000016" StoreItemID="20000001" ItemID="40000015" MaxQuantity="99999999" DisplayName="奔放冲天" DisplayPic="gameassets/icons/shop_items/characters/40000015_Untrammelled.png" Price="258" PriceType="1" _KEY="ID"/>
	<StoreSellItem ID="10000017" StoreItemID="20000001" ItemID="40000016" MaxQuantity="99999999" DisplayName="文艺艺术家" DisplayPic="gameassets/icons/shop_items/characters/40000016_Literary.png" Price="528" PriceType="1" _KEY="ID"/>
	<StoreSellItem ID="10000018" StoreItemID="20000001" ItemID="40000017" MaxQuantity="99999999" DisplayName="萨斯克" DisplayPic="gameassets/icons/shop_items/characters/40000017_Sasuke.png" Price="328" PriceType="1" _KEY="ID"/>
	<StoreSellItem ID="10000019" StoreItemID="20000001" ItemID="40000018" MaxQuantity="99999999" DisplayName="贤淑波浪" DisplayPic="gameassets/icons/shop_items/characters/40000018_Wavy.png" Price="258" PriceType="1" _KEY="ID"/>
	<StoreSellItem ID="10000020" StoreItemID="20000001" ItemID="40000019" MaxQuantity="99999999" DisplayName="俏皮双辫" DisplayPic="gameassets/icons/shop_items/characters/40000019_GoodLooking_Pigtails.png" Price="328" PriceType="1" _KEY="ID"/>
	<StoreSellItem ID="10000021" StoreItemID="20000001" ItemID="40000020" MaxQuantity="99999999" DisplayName="可爱翘短" DisplayPic="gameassets/icons/shop_items/characters/40000020_CuteStickingUp_Short.png" Price="528" PriceType="1" _KEY="ID"/>
	<StoreSellItem ID="10000022" StoreItemID="20000001" ItemID="40000021" MaxQuantity="99999999" DisplayName="帅气白衬衫" DisplayPic="gameassets/icons/shop_items/characters/40000021_Handsome_WhiteShirt.png" Price="88" PriceType="1" _KEY="ID"/>
	<StoreSellItem ID="10000023" StoreItemID="20000001" ItemID="40000022" MaxQuantity="99999999" DisplayName="时尚T恤" DisplayPic="gameassets/icons/shop_items/characters/40000022_Fashion_Tshirt.png" Price="88" PriceType="1" _KEY="ID"/>
	<StoreSellItem ID="10000024" StoreItemID="20000001" ItemID="40000023" MaxQuantity="99999999" DisplayName="美丽白衬衫" DisplayPic="gameassets/icons/shop_items/characters/40000023_Beautiful_WhiteShirt.png" Price="88" PriceType="1" _KEY="ID"/>
	<StoreSellItem ID="10000025" StoreItemID="20000001" ItemID="40000024" MaxQuantity="99999999" DisplayName="时尚吊带" DisplayPic="gameassets/icons/shop_items/characters/40000024_Fashion_HalterTop.png" Price="88" PriceType="1" _KEY="ID"/>
	<StoreSellItem ID="10000026" StoreItemID="20000001" ItemID="40000025" MaxQuantity="99999999" DisplayName="帅气西裤" DisplayPic="gameassets/icons/shop_items/characters/40000025_Handsome_Western.png" Price="88" PriceType="1" _KEY="ID"/>
	<StoreSellItem ID="10000027" StoreItemID="20000001" ItemID="40000026" MaxQuantity="99999999" DisplayName="沉稳卷边裤" DisplayPic="gameassets/icons/shop_items/characters/40000026_Staid_Curling.png" Price="88" PriceType="1" _KEY="ID"/>
	<StoreSellItem ID="10000028" StoreItemID="20000001" ItemID="40000027" MaxQuantity="99999999" DisplayName="美丽百褶裙" DisplayPic="gameassets/icons/shop_items/characters/40000027_Pleated_Skirt.png" Price="88" PriceType="1" _KEY="ID"/>
	<StoreSellItem ID="10000029" StoreItemID="20000001" ItemID="40000028" MaxQuantity="99999999" DisplayName="时尚短裙" DisplayPic="gameassets/icons/shop_items/characters/40000028_Fashion_ShortSkirt.png" Price="88" PriceType="1" _KEY="ID"/>
	<StoreSellItem ID="10000030" StoreItemID="20000001" ItemID="40000029" MaxQuantity="99999999" DisplayName="普通男鞋" DisplayPic="gameassets/icons/shop_items/characters/40000029_40000030_Common_Shoe.png" Price="99" PriceType="1" _KEY="ID"/>
	<StoreSellItem ID="10000031" StoreItemID="20000001" ItemID="40000030" MaxQuantity="99999999" DisplayName="普通女鞋" DisplayPic="gameassets/icons/shop_items/characters/40000029_40000030_Common_Shoe.png" Price="99" PriceType="1" _KEY="ID"/>
	<!-- 永久↑ 七天↓ -->
	<StoreSellItem ID="10000032" StoreItemID="20000001" ItemID="40000015" MaxQuantity="99999999" ExpiredTime="604800" DisplayName="奔放冲天" DisplayPic="gameassets/icons/shop_items/characters/40000015_Untrammelled.png" Price="77" PriceType="1" _KEY="ID"/>
	<StoreSellItem ID="10000033" StoreItemID="20000001" ItemID="40000016" MaxQuantity="99999999" ExpiredTime="604800" DisplayName="文艺艺术家" DisplayPic="gameassets/icons/shop_items/characters/40000016_Literary.png" Price="158" PriceType="1" _KEY="ID"/>
	<StoreSellItem ID="10000034" StoreItemID="20000001" ItemID="40000017" MaxQuantity="99999999" ExpiredTime="604800" DisplayName="萨斯克" DisplayPic="gameassets/icons/shop_items/characters/40000017_Sasuke.png" Price="98" PriceType="1" _KEY="ID"/>
	<StoreSellItem ID="10000035" StoreItemID="20000001" ItemID="40000018" MaxQuantity="99999999" ExpiredTime="604800" DisplayName="贤淑波浪" DisplayPic="gameassets/icons/shop_items/characters/40000018_Wavy.png" Price="77" PriceType="1" _KEY="ID"/>
	<StoreSellItem ID="10000036" StoreItemID="20000001" ItemID="40000019" MaxQuantity="99999999" ExpiredTime="604800" DisplayName="俏皮双辫" DisplayPic="gameassets/icons/shop_items/characters/40000019_GoodLooking_Pigtails.png" Price="98" PriceType="1" _KEY="ID"/>
	<StoreSellItem ID="10000037" StoreItemID="20000001" ItemID="40000020" MaxQuantity="99999999" ExpiredTime="604800" DisplayName="可爱翘短" DisplayPic="gameassets/icons/shop_items/characters/40000020_CuteStickingUp_Short.png" Price="158" PriceType="1" _KEY="ID"/>
	<StoreSellItem ID="10000038" StoreItemID="20000001" ItemID="40000021" MaxQuantity="99999999" ExpiredTime="604800" DisplayName="帅气白衬衫" DisplayPic="gameassets/icons/shop_items/characters/40000021_Handsome_WhiteShirt.png" Price="26" PriceType="1" _KEY="ID"/>
	<StoreSellItem ID="10000039" StoreItemID="20000001" ItemID="40000022" MaxQuantity="99999999" ExpiredTime="604800" DisplayName="时尚T恤" DisplayPic="gameassets/icons/shop_items/characters/40000022_Fashion_Tshirt.png" Price="26" PriceType="1" _KEY="ID"/>
	<StoreSellItem ID="10000040" StoreItemID="20000001" ItemID="40000023" MaxQuantity="99999999" ExpiredTime="604800" DisplayName="美丽白衬衫" DisplayPic="gameassets/icons/shop_items/characters/40000023_Beautiful_WhiteShirt.png" Price="26" PriceType="1" _KEY="ID"/>
	<StoreSellItem ID="10000041" StoreItemID="20000001" ItemID="40000024" MaxQuantity="99999999" ExpiredTime="604800" DisplayName="时尚吊带" DisplayPic="gameassets/icons/shop_items/characters/40000024_Fashion_HalterTop.png" Price="26" PriceType="1" _KEY="ID"/>
	<StoreSellItem ID="10000042" StoreItemID="20000001" ItemID="40000025" MaxQuantity="99999999" ExpiredTime="604800" DisplayName="帅气西裤" DisplayPic="gameassets/icons/shop_items/characters/40000025_Handsome_Western.png" Price="26" PriceType="1" _KEY="ID"/>
	<StoreSellItem ID="10000043" StoreItemID="20000001" ItemID="40000026" MaxQuantity="99999999" ExpiredTime="604800" DisplayName="沉稳卷边裤" DisplayPic="gameassets/icons/shop_items/characters/40000026_Staid_Curling.png" Price="26" PriceType="1" _KEY="ID"/>
	<StoreSellItem ID="10000044" StoreItemID="20000001" ItemID="40000027" MaxQuantity="99999999" ExpiredTime="604800" DisplayName="美丽百褶裙" DisplayPic="gameassets/icons/shop_items/characters/40000027_Pleated_Skirt.png" Price="26" PriceType="1" _KEY="ID"/>
	<StoreSellItem ID="10000045" StoreItemID="20000001" ItemID="40000028" MaxQuantity="99999999" ExpiredTime="604800" DisplayName="时尚短裙" DisplayPic="gameassets/icons/shop_items/characters/40000028_Fashion_ShortSkirt.png" Price="26" PriceType="1" _KEY="ID"/>
	<StoreSellItem ID="10000046" StoreItemID="20000001" ItemID="40000029" MaxQuantity="99999999" ExpiredTime="604800" DisplayName="普通男鞋" DisplayPic="gameassets/icons/shop_items/characters/40000029_40000030_Common_Shoe.png" Price="29" PriceType="1" _KEY="ID"/>
	<StoreSellItem ID="10000047" StoreItemID="20000001" ItemID="40000030" MaxQuantity="99999999" ExpiredTime="604800" DisplayName="普通女鞋" DisplayPic="gameassets/icons/shop_items/characters/40000029_40000030_Common_Shoe.png" Price="29" PriceType="1" _KEY="ID"/>
	<!-- 第二批 -->
	<StoreSellItem ID="10000048" StoreItemID="20000001" ItemID="40000031" MaxQuantity="99999999" DisplayName="磨砺修道服" DisplayPic="gameassets/icons/shop_items/characters/40000031_Practice_Suit.png" Price="228" PriceType="1" _KEY="ID"/>
	<StoreSellItem ID="10000049" StoreItemID="20000001" ItemID="40000032" MaxQuantity="99999999" DisplayName="蓬蓬石榴裙" DisplayPic="gameassets/icons/shop_items/characters/40000032_Bubble_Skirt.png" Price="228" PriceType="1" _KEY="ID"/>
	<StoreSellItem ID="10000050" StoreItemID="20000001" ItemID="40000033" MaxQuantity="99999999" DisplayName="磨砺修道裤" DisplayPic="gameassets/icons/shop_items/characters/40000033_Practice_Pant.png" Price="228" PriceType="1" _KEY="ID"/>
	<StoreSellItem ID="10000051" StoreItemID="20000001" ItemID="40000034" MaxQuantity="99999999" DisplayName="磨砺修道靴" DisplayPic="gameassets/icons/shop_items/characters/40000034_Practice_Shoe.png" Price="158" PriceType="1" _KEY="ID"/>
	<!-- 永久↑ 7天↓ -->
	<StoreSellItem ID="10000052" StoreItemID="20000001" ItemID="40000031" MaxQuantity="99999999" ExpiredTime="604800" DisplayName="磨砺修道服" DisplayPic="gameassets/icons/shop_items/characters/40000031_Practice_Suit.png" Price="68" PriceType="1" _KEY="ID"/>
	<StoreSellItem ID="10000053" StoreItemID="20000001" ItemID="40000032" MaxQuantity="99999999" ExpiredTime="604800" DisplayName="蓬蓬石榴裙" DisplayPic="gameassets/icons/shop_items/characters/40000032_Bubble_Skirt.png" Price="68" PriceType="1" _KEY="ID"/>
	<StoreSellItem ID="10000054" StoreItemID="20000001" ItemID="40000033" MaxQuantity="99999999" ExpiredTime="604800" DisplayName="磨砺修道裤" DisplayPic="gameassets/icons/shop_items/characters/40000033_Practice_Pant.png" Price="68" PriceType="1" _KEY="ID"/>
	<StoreSellItem ID="10000055" StoreItemID="20000001" ItemID="40000034" MaxQuantity="99999999" ExpiredTime="604800" DisplayName="磨砺修道靴" DisplayPic="gameassets/icons/shop_items/characters/40000034_Practice_Shoe.png" Price="47" PriceType="1" _KEY="ID"/>
	<!-- 第三批 -->
	<StoreSellItem ID="10000056" StoreItemID="20000001" ItemID="40000035" MaxQuantity="99999999" DisplayName="柔情" DisplayPic="gameassets/icons/shop_items/characters/40000035_tenderness.png" Price="68" PriceType="1" _KEY="ID"/>
	<StoreSellItem ID="10000057" StoreItemID="20000001" ItemID="40000036" MaxQuantity="99999999" DisplayName="天真" DisplayPic="gameassets/icons/shop_items/characters/40000036_naive.png" Price="68" PriceType="1" _KEY="ID"/>
	<!-- 永久↑7天↓ -->
	<StoreSellItem ID="10000058" StoreItemID="20000001" ItemID="40000035" MaxQuantity="99999999" ExpiredTime="604800" DisplayName="柔情" DisplayPic="gameassets/icons/shop_items/characters/40000035_tenderness.png" Price="20" PriceType="1" _KEY="ID"/>
	<StoreSellItem ID="10000059" StoreItemID="20000001" ItemID="40000036" MaxQuantity="99999999" ExpiredTime="604800" DisplayName="天真" DisplayPic="gameassets/icons/shop_items/characters/40000036_naive.png" Price="20" PriceType="1" _KEY="ID"/>
</StoreSellItems>
