<?xml version="1.0" encoding="utf-8"?>
<TextBookConfig>
    <Chapter title="第一章 巧夺天工" >
        <Level id="1001" introduction="1.新的开始<br/>学习移动、放置/消除方块、游泳、爬楼梯 " path= "TS/guide/chapter1/guiderecordnew.pkg" _KEY="id"/>
        <Level id="1002" introduction="2.组合键-【shift+右键】<br/>学习组合键：三格鼠标所指的方块，若另一端有相同方块则自动连接（最多20格）" path= "TS/guide/chapter1/level2.pkg" _KEY="id"/>
        <Level id="1003" introduction="3.组合键-【alt+左/右键】<br/>学习组合键：alt+左键：将目标方块吸取到手中<br/>alt+右键：将目标方块替换成手中方块" path= "TS/guide/chapter1/level3.pkg" _KEY="id"/>
        <Level id="1004" introduction="4.组合键-【alt+shift+右键】<br/>学习组合键：用手中的方块批量替换与鼠标所指相连的所有同一方块" path= "TS/guide/chapter1/level4.pkg" _KEY="id"/>
        <Level id="1005" introduction="5.快捷工具-【立方】<br/>学习快捷工具：左上方快捷建造栏选择【立方】，可以造出任意大小的立方体" path= "TS/guide/chapter1/level5.pkg" _KEY="id"/>
        <Level id="1006" introduction="6.快捷工具-【圆环】<br/>学习快捷工具：左上方快捷建造栏选择【圆环】，可以造出任意大小的圆环" path= "TS/guide/chapter1/level6.pkg" _KEY="id"/>
        <Level id="1007" introduction="7.快捷工具-【圆】<br/>学习快捷工具：左上方快捷建造栏选择【圆】，可以造出任意大小的圆饼" path= "TS/guide/chapter1/level7.pkg" _KEY="id"/>
        <Level id="1008" introduction="8.快捷工具-【球】<br/>学习快捷工具：左上方快捷建造栏选择【球】，可以造出任意大小的球体" path= "TS/guide/chapter1/level8.pkg" _KEY="id"/>
        <Level id="1009" introduction="9.快捷工具-【椭圆】<br/>学习快捷工具：左上方快捷建造栏选择【椭圆】，可以造出任意大小的椭圆体" path= "TS/guide/chapter1/level9.pkg" _KEY="id"/>
        <Level id="1010" introduction="10.基本操作-移动+旋转<br/>学习基本操作：ctrl+左键选中方块之后可任意移动,点【旋转】可以将选中方块任意旋转" path= "TS/guide/chapter1/level10.pkg" _KEY="id"/>
        <Level id="1011" introduction="11.基本操作-复制+粘贴<br/>学习基本操作：ctrl+左键选中方块之后,ctrl+c/v是复制/粘贴" path= "TS/guide/chapter1/level11.pkg" _KEY="id"/>
        <Level id="1012" introduction="12.基本操作-缩放<br/>学习基本操作：ctrl+左键选中方块之后,点【缩放】可以将选中方块任意缩放" path= "TS/guide/chapter1/level12.pkg" _KEY="id"/>
        <Level id="1013" introduction="13.基本操作-镜像<br/>学习基本操作：ctrl+左键选中方块之后,点【镜像】可以将选中方块任意方向镜像" path= "TS/guide/chapter1/level13.pkg" _KEY="id"/>
    </Chapter>
    <Chapter title="第二章 能量入门" >
        <Level id="2001" introduction="1.能量机关-基础<br/>学习能量线与开关，铁门与能量灯" path= "TS/guide/chapter2/level1.pkg" _KEY="id"/>
        <Level id="2002" introduction="2.能量机关-实用<br/>学习制作单向开关控制" path= "TS/guide/chapter2/level2.pkg" _KEY="id"/>
        <Level id="2003" introduction="3.能量机关-实用<br/>学习粘性活塞特性与制作自动的隐藏门" path= "TS/guide/chapter2/level3.pkg" _KEY="id"/>
        <Level id="2004" introduction="4.能量机关-实用<br/>学习中继器特性与制作延时开关" path= "TS/guide/chapter2/level4.pkg" _KEY="id"/>
        <Level id="2005" introduction="5.能量机关-实用<br/>学习铁轨、动力铁轨、探测铁轨和矿车的特性及其制作" path= "TS/guide/chapter2/level5.pkg" _KEY="id"/>
        <Level id="2006" introduction="6.能量机关-进阶<br/>学习高频能量原理及制作" path= "TS/guide/chapter2/level6.pkg" _KEY="id"/>
        <Level id="2007" introduction="7.能量机关-进阶<br/>学习双向活塞电梯原理及其制作" path= "TS/guide/chapter2/level7.pkg" _KEY="id"/>
    </Chapter>
</TextBookConfig>
