<?xml version="1.0" encoding="utf-8"?>

<UITextureList>
    <Texture2D name="Common" file="gameassets/textures/ui_01_basic/CommonUI.png"_KEY="name"/>
    <Texture2D name="NewLoginPageUI" file="gameassets/textures/ui_02_login/NewLoginPageUI.png"_KEY="name"/>

    <Texture2D name="CreateModeUI" file="gameassets/textures/ui_03_planet/CreateModeUI.png"_KEY="name"/>
    <Texture2D name="NewCreateModeUI" file="gameassets/textures/ui_03_planet/NewCreateModeUI.png"_KEY="name"/>
    <Texture2D name="NewCreateModeUI2" file="gameassets/textures/ui_03_planet/NewCreateModeUI2.png"_KEY="name"/>

    <Texture2D name="SelectModeUI" file="gameassets/textures/ui_03_planet/SelectModeUI.png"_KEY="name"/>
    <Texture2D name="CreateWorldUI" file="gameassets/textures/ui_03_planet/CreateWorldUI.png"_KEY="name"/>
    <Texture2D name="ChatWindow" file="gameassets/textures/ui_04_friend/ChatWindowUi.png"_KEY="name"/>
    <Texture2D name="FriendUI" file="gameassets/textures/ui_04_friend/friend_32bits.png"_KEY="name"/>
    <Texture2D name="FriendInfoUI" file="gameassets/textures/ui_04_friend/FriendInfoUI_32bits.png"_KEY="name"/>

    <Texture2D name="NewFriendInfoUI" file="gameassets/textures/ui_04_friend/NewFriendInfoUI.png"_KEY="name"/>
    <Texture2D name="NewFriendInfoUI2" file="gameassets/textures/ui_04_friend/NewFriendInfoUI2.png"_KEY="name"/>

    <Texture2D name="ShopUI" file="gameassets/textures/ui_06_shop/ShopUI.png"_KEY="name"/>
    
    <Texture2D name="NewShopUI" file="gameassets/textures/ui_06_shop/NewShopUI.png"_KEY="name"/>
    <Texture2D name="AvatarUI" file="gameassets/textures/ui_06_shop/AvatarUI.png"_KEY="name"/>

    <Texture2D name="TextBookUI" file="gameassets/textures/ui_07_wiki/TextBookUI.png"_KEY="name"/>
    <Texture2D name="AccessSetting" file="gameassets/textures/ui_08_access/AccessSettingUI.png"_KEY="name"/>
    <Texture2D name="RoomAccessUI" file="gameassets/textures/ui_08_access/RoomAccessUI.png"_KEY="name"/>
    <Texture2D name="BuilderFrame" file="gameassets/textures/ui_09_bag/builderframetemp.png"_KEY="name"/>
    <Texture2D name="NewBuilderFrame" file="gameassets/textures/ui_09_bag/NewBuilderFrame.png"_KEY="name"/>
    <Texture2D name="NewBagUI" file="gameassets/textures/ui_09_bag/NewBagUI.png"_KEY="name"/>

    <Texture2D name="NewSelectBarUI" file="gameassets/textures/ui_10_selectbar/NewSelectBarUI.png"_KEY="name"/>
    
    <Texture2D name="ESCFrameUI" file="gameassets/textures/ui_11_esc/ESCFrameUI.png"_KEY="name"/>
    <Texture2D name="NewEscFrame" file="gameassets/textures/ui_11_esc/NewEscFrame.png"_KEY="name"/>
    <Texture2D name="NewSettingsUI" file="gameassets/textures/ui_11_esc/NewSettingsUI.png"_KEY="name"/>
    
    <Texture2D name="EscUI_32bits" file="gameassets/textures/ui_11_esc/EscUI_32bits.png"_KEY="name"/>
    <Texture2D name="HelpUI" file="gameassets/textures/ui_13_help/helpUI.png"_KEY="name"/>
    <Texture2D name="MessageBoxUI" file="gameassets/textures/ui_15_messagebox/MessageBoxUI.png"_KEY="name"/>
    <Texture2D name="MiniMapUI" file="gameassets/textures/ui_16_minimap/MiniMapUI.png"_KEY="name"/>
    <Texture2D name="PlanetRankListUI" file="gameassets/textures/ui_17_ranklist/PlanetRankListUI.png"_KEY="name"/>
    <Texture2D name="QuickEditUI" file="gameassets/textures/ui_18_quickedit/QuickEditUI.png"_KEY="name"/>
    <Texture2D name="NewQuickEditUI" file="gameassets/textures/ui_18_quickedit/NewQuickEditUI.png"_KEY="name"/>
    <Texture2D name="NewQuickEditUI2" file="gameassets/textures/ui_18_quickedit/NewQuickEditUI2.png"_KEY="name"/>
    <Texture2D name="RoomPermissionUI" file="gameassets/textures/ui_19_multiplayer/RoomPermissionUI.png"_KEY="name"/>
    <Texture2D name="NewRoomPermissionUI" file="gameassets/textures/ui_19_multiplayer/NewRoomPermissionUI.png"_KEY="name"/>
    <Texture2D name="ServerHallUI" file="gameassets/textures/ui_20_serverhall/ServerHallUI.png"_KEY="name"/>
    <Texture2D name="VisitWorldUI" file="gameassets/textures/ui_21_visit/visitworld_panel_32bits.png"_KEY="name"/>
    <Texture2D name="WelcomeUI" file="gameassets/textures/ui_22_welcome/WelcomeUI.png"_KEY="name"/>
    <Texture2D name="MailUI" file="gameassets/textures/ui_24_mail/MailUI.png"_KEY="name"/>
    <Texture2D name="ResourceLibrary" file="gameassets/textures/ui_25_resource/ResourceLibrary.png"_KEY="name"/>
    <Texture2D name="ResourceSelection" file="gameassets/textures/ui_25_resource/ResourceSelection.png"_KEY="name"/>
    <Texture2D name="ResourceInfoPage" file="gameassets/textures/ui_25_resource/ResourceInfoPage.png"_KEY="name"/>
    <Texture2D name="ResourceUpload" file="gameassets/textures/ui_25_resource/ResourceUpload.png"_KEY="name"/>
    <Texture2D name="ResourceScript" file="gameassets/textures/ui_25_resource/ResourceScript.png"_KEY="name"/>
    
    <!-- 手机设置ui暂时和PC公用 屏蔽部分选项 -->
    <Texture2D name="SettingsUI_PC" file="gameassets/textures/ui_11_esc/SettingsUI_PC.png"_KEY="name"/>
    
    <!-- 手机ui -->
    <Texture2D name="ControlBarUI_Mo" file="gameassets_mobile/textures/ui_10_selectbar/ControlBarUI_Mo.png"_KEY="name"/>

    <!-- PCui -->
    <Texture2D name="QuickEditUI_PC" file="gameassets_pc/textures/ui_18_quickedit/QuickEditUI_PC.png"_KEY="name"/>
    <!--2017.11.2 new-->
    <Texture2D name="quickemotionbar_PC" file="gameassets_pc/textures/ui_gamescene/quickemotionbar.png"_KEY="name"/>
    <Texture2D name="quickselectbar_PC" file="gameassets_pc/textures/ui_gamescene/quickselectbar.png"_KEY="name"/>
    <Texture2D name="toolbar_PC" file="gameassets_pc/textures/ui_tool/toolbar.png"_KEY="name"/>
    <Texture2D name="chatwindow_PC" file="gameassets_pc/textures/ui_gamescene/chatwindow.png"_KEY="name"/>
    <Texture2D name="inventory_PC" file="gameassets_pc/textures/ui_gamescene/inventorypage.png"_KEY="name"/>
    <Texture2D name="selectmodel_PC" file="gameassets_pc/textures/ui_gamescene/selectmodelpage.png"_KEY="name"/>
    <Texture2D name="BuilderFrame_PC" file="gameassets_pc/textures/ui_gamescene/NewBuilderFrame.png"_KEY="name"/>
    <Texture2D name="SystemSettings_PC" file="gameassets_pc/textures/ui_settings/systemsettings.png"_KEY="name"/>
    <Texture2D name="escframe_PC" file="gameassets_pc/textures/ui_settings/escframe.png"_KEY="name"/>
    <Texture2D name="visitaccess_PC" file="gameassets_pc/textures/ui_planet/visitaccess.png"_KEY="name"/>
    <Texture2D name="friend_PC" file="gameassets_pc/textures/ui_friend/friend.png"_KEY="name"/>
    <Texture2D name="playerinfo_PC" file="gameassets_pc/textures/ui_playerinfo/playerinfo.png"_KEY="name"/>
    <Texture2D name="functionbutton_PC" file="gameassets_pc/textures/ui_gamescene/functionbutton.png"_KEY="name"/>
    <Texture2D name="loginPage_PC" file="gameassets_pc/textures/ui_loginPage/loginPage_PC.png"_KEY="name"/>
    <Texture2D name="toolpage_PC" file="gameassets_pc/textures/ui_tool/ToolPage.png"_KEY="name"/>
    <Texture2D name="planetmanage_PC" file="gameassets_pc/textures/ui_planet/planetmanage.png"_KEY="name"/>
    <Texture2D name="planetcreate_PC" file="gameassets_pc/textures/ui_planet/planetcreate.png"_KEY="name"/>
    <Texture2D name="room_PC" file="gameassets_pc/textures/ui_room/room.png"_KEY="name"/>
    <Texture2D name="roomInfo_PC" file="gameassets_pc/textures/ui_room/roominfo.png"_KEY="name"/>
    <Texture2D name="offline_PC" file="gameassets_pc/textures/ui_offline/offline.png"_KEY="name"/>
    <Texture2D name="planetsearch_PC" file="gameassets_pc/textures/ui_planet/planetsearch.png"_KEY="name"/>
    <Texture2D name="movieplayer_PC" file="gameassets_pc/textures/ui_movie/MoviePlayer.png"_KEY="name"/>
    <Texture2D name="movieedit_PC" file="gameassets_pc/textures/ui_movie/MovieEdit.png"_KEY="name"/>
</UITextureList>
