<?xml version="1.0" encoding="utf-8"?>
<WikiConfig>
    <Page icon="gameassets/textures/guides/wiki/keyboard.png" />
    <Page icon="gameassets/textures/guides/wiki/putBlock.png" />
    <Page icon="gameassets/textures/guides/wiki/camera.png" />
    <Page icon="gameassets/textures/guides/wiki/esc.png" />
    <Page icon="gameassets/textures/guides/wiki/bigworld.png" />
    <Page icon="gameassets/textures/guides/wiki/createPlanet.png" />
    <Page icon="gameassets/textures/guides/wiki/save.png" />
    <Page icon="gameassets/textures/guides/wiki/visit1.png" />
    <Page icon="gameassets/textures/guides/wiki/visit2.png" />
    <Page icon="gameassets/textures/guides/wiki/onlineMode1.png" />
    <Page icon="gameassets/textures/guides/wiki/onlineMode2.png" />
    <Page icon="gameassets/textures/guides/wiki/onlineMode3.png" />
    <Page icon="gameassets/textures/guides/wiki/bag1.png" />
    <Page icon="gameassets/textures/guides/wiki/bag2.png" />
    <Page icon="gameassets/textures/guides/wiki/map.png" />
    <Page icon="gameassets/textures/guides/wiki/chat.png" />
    <Page icon="gameassets/textures/guides/wiki/friend1.png" />
    <Page icon="gameassets/textures/guides/wiki/friend2.png" />
    <Page icon="gameassets/textures/guides/wiki/friend3.png" />
    <Page icon="gameassets/textures/guides/wiki/friend4.png" />
    <Page icon="gameassets/textures/guides/wiki/changeCloth.png" />
    <Page icon="gameassets/textures/guides/wiki/keyCombination1.png" />
    <Page icon="gameassets/textures/guides/wiki/keyCombination2.png" />
    <Page icon="gameassets/textures/guides/wiki/keyCombination3.png" />
    <Page icon="gameassets/textures/guides/wiki/tool1.png" />
    <Page icon="gameassets/textures/guides/wiki/tool2.png" />
    <Page icon="gameassets/textures/guides/wiki/tool3.png" />
    <Page icon="gameassets/textures/guides/wiki/tool4.png" />
</WikiConfig>


